,activity_id,institution_id,source_id,experiment_id,member_id,table_id,variable_id,grid_label,zstore,dcpp_init_year
5626,CMIP,AWI,AWI-CM-1-1-MR,piControl,r1i1p1f1,Omon,tos,gn,gs://cmip6/CMIP/AWI/AWI-CM-1-1-MR/piControl/r1i1p1f1/Omon/tos/gn/,
16185,CMIP,CNRM-CERFACS,CNRM-CM6-1-HR,1pctCO2,r1i1p1f2,Omon,tos,gn,gs://cmip6/CMIP/CNRM-CERFACS/CNRM-CM6-1-HR/1pctCO2/r1i1p1f2/Omon/tos/gn/,
16328,CMIP,CNRM-CERFACS,CNRM-CM6-1-HR,piControl,r1i1p1f2,Omon,tos,gn,gs://cmip6/CMIP/CNRM-CERFACS/CNRM-CM6-1-HR/piControl/r1i1p1f2/Omon/tos/gn/,
23217,CMIP,E3SM-Project,E3SM-1-0,abrupt-4xCO2,r1i1p1f1,Omon,tos,gr,gs://cmip6/CMIP/E3SM-Project/E3SM-1-0/abrupt-4xCO2/r1i1p1f1/Omon/tos/gr/,
23586,CMIP,E3SM-Project,E3SM-1-0,piControl,r1i1p1f1,Omon,tos,gr,gs://cmip6/CMIP/E3SM-Project/E3SM-1-0/piControl/r1i1p1f1/Omon/tos/gr/,
24947,CMIP,FIO-QLNM,FIO-ESM-2-0,piControl,r1i1p1f1,Omon,tos,gn,gs://cmip6/CMIP/FIO-QLNM/FIO-ESM-2-0/piControl/r1i1p1f1/Omon/tos/gn/,
54739,CMIP,NOAA-GFDL,GFDL-CM4,1pctCO2,r1i1p1f1,Omon,tos,gn,gs://cmip6/CMIP/NOAA-GFDL/GFDL-CM4/1pctCO2/r1i1p1f1/Omon/tos/gn/,
54740,CMIP,NOAA-GFDL,GFDL-CM4,1pctCO2,r1i1p1f1,Omon,tos,gr,gs://cmip6/CMIP/NOAA-GFDL/GFDL-CM4/1pctCO2/r1i1p1f1/Omon/tos/gr/,
54845,CMIP,NOAA-GFDL,GFDL-CM4,abrupt-4xCO2,r1i1p1f1,Omon,tos,gn,gs://cmip6/CMIP/NOAA-GFDL/GFDL-CM4/abrupt-4xCO2/r1i1p1f1/Omon/tos/gn/,
54846,CMIP,NOAA-GFDL,GFDL-CM4,abrupt-4xCO2,r1i1p1f1,Omon,tos,gr,gs://cmip6/CMIP/NOAA-GFDL/GFDL-CM4/abrupt-4xCO2/r1i1p1f1/Omon/tos/gr/,
55354,CMIP,NOAA-GFDL,GFDL-ESM4,1pctCO2,r1i1p1f1,Omon,tos,gn,gs://cmip6/CMIP/NOAA-GFDL/GFDL-ESM4/1pctCO2/r1i1p1f1/Omon/tos/gn/,
55355,CMIP,NOAA-GFDL,GFDL-ESM4,1pctCO2,r1i1p1f1,Omon,tos,gr,gs://cmip6/CMIP/NOAA-GFDL/GFDL-ESM4/1pctCO2/r1i1p1f1/Omon/tos/gr/,
55468,CMIP,NOAA-GFDL,GFDL-ESM4,abrupt-4xCO2,r1i1p1f1,Omon,tos,gn,gs://cmip6/CMIP/NOAA-GFDL/GFDL-ESM4/abrupt-4xCO2/r1i1p1f1/Omon/tos/gn/,
55469,CMIP,NOAA-GFDL,GFDL-ESM4,abrupt-4xCO2,r1i1p1f1,Omon,tos,gr,gs://cmip6/CMIP/NOAA-GFDL/GFDL-ESM4/abrupt-4xCO2/r1i1p1f1/Omon/tos/gr/,
25281,CMIP,INM,INM-CM4-8,1pctCO2,r1i1p1f1,Omon,tos,gr1,gs://cmip6/CMIP/INM/INM-CM4-8/1pctCO2/r1i1p1f1/Omon/tos/gr1/,
25313,CMIP,INM,INM-CM4-8,abrupt-4xCO2,r1i1p1f1,Omon,tos,gr1,gs://cmip6/CMIP/INM/INM-CM4-8/abrupt-4xCO2/r1i1p1f1/Omon/tos/gr1/,
25412,CMIP,INM,INM-CM4-8,piControl,r1i1p1f1,Omon,tos,gr1,gs://cmip6/CMIP/INM/INM-CM4-8/piControl/r1i1p1f1/Omon/tos/gr1/,
25564,CMIP,INM,INM-CM5-0,piControl,r1i1p1f1,Omon,tos,gr1,gs://cmip6/CMIP/INM/INM-CM5-0/piControl/r1i1p1f1/Omon/tos/gr1/,
57010,CMIP,UA,MCM-UA-1-0,piControl,r1i1p1f1,Omon,tos,gn,gs://cmip6/CMIP/UA/MCM-UA-1-0/piControl/r1i1p1f1/Omon/tos/gn/,
33164,CMIP,MIROC,MIROC-ES2L,piControl,r1i1p1f2,Omon,tos,gn,gs://cmip6/CMIP/MIROC/MIROC-ES2L/piControl/r1i1p1f2/Omon/tos/gn/,
34576,CMIP,MIROC,MIROC6,piControl,r1i1p1f1,Omon,tos,gn,gs://cmip6/CMIP/MIROC/MIROC6/piControl/r1i1p1f1/Omon/tos/gn/,
22517,CMIP,CSIRO-ARCCSS,ACCESS-CM2,piControl,r1i1p1f1,Amon,rsdt,gn,gs://cmip6/CMIP/CSIRO-ARCCSS/ACCESS-CM2/piControl/r1i1p1f1/Amon/rsdt/gn/,
22513,CMIP,CSIRO-ARCCSS,ACCESS-CM2,piControl,r1i1p1f1,Amon,rlut,gn,gs://cmip6/CMIP/CSIRO-ARCCSS/ACCESS-CM2/piControl/r1i1p1f1/Amon/rlut/gn/,
22520,CMIP,CSIRO-ARCCSS,ACCESS-CM2,piControl,r1i1p1f1,Amon,rsut,gn,gs://cmip6/CMIP/CSIRO-ARCCSS/ACCESS-CM2/piControl/r1i1p1f1/Amon/rsut/gn/,
23064,CMIP,CSIRO,ACCESS-ESM1-5,piControl,r1i1p1f1,Amon,rsdt,gn,gs://cmip6/CMIP/CSIRO/ACCESS-ESM1-5/piControl/r1i1p1f1/Amon/rsdt/gn/,
23060,CMIP,CSIRO,ACCESS-ESM1-5,piControl,r1i1p1f1,Amon,rlut,gn,gs://cmip6/CMIP/CSIRO/ACCESS-ESM1-5/piControl/r1i1p1f1/Amon/rlut/gn/,
23067,CMIP,CSIRO,ACCESS-ESM1-5,piControl,r1i1p1f1,Amon,rsut,gn,gs://cmip6/CMIP/CSIRO/ACCESS-ESM1-5/piControl/r1i1p1f1/Amon/rsut/gn/,
5606,CMIP,AWI,AWI-CM-1-1-MR,piControl,r1i1p1f1,Amon,rsdt,gn,gs://cmip6/CMIP/AWI/AWI-CM-1-1-MR/piControl/r1i1p1f1/Amon/rsdt/gn/,
5602,CMIP,AWI,AWI-CM-1-1-MR,piControl,r1i1p1f1,Amon,rlut,gn,gs://cmip6/CMIP/AWI/AWI-CM-1-1-MR/piControl/r1i1p1f1/Amon/rlut/gn/,
5609,CMIP,AWI,AWI-CM-1-1-MR,piControl,r1i1p1f1,Amon,rsut,gn,gs://cmip6/CMIP/AWI/AWI-CM-1-1-MR/piControl/r1i1p1f1/Amon/rsut/gn/,
6447,CMIP,BCC,BCC-CSM2-MR,piControl,r1i1p1f1,Amon,rsdt,gn,gs://cmip6/CMIP/BCC/BCC-CSM2-MR/piControl/r1i1p1f1/Amon/rsdt/gn/,
6443,CMIP,BCC,BCC-CSM2-MR,piControl,r1i1p1f1,Amon,rlut,gn,gs://cmip6/CMIP/BCC/BCC-CSM2-MR/piControl/r1i1p1f1/Amon/rlut/gn/,
6450,CMIP,BCC,BCC-CSM2-MR,piControl,r1i1p1f1,Amon,rsut,gn,gs://cmip6/CMIP/BCC/BCC-CSM2-MR/piControl/r1i1p1f1/Amon/rsut/gn/,
6955,CMIP,BCC,BCC-ESM1,piControl,r1i1p1f1,Amon,rsdt,gn,gs://cmip6/CMIP/BCC/BCC-ESM1/piControl/r1i1p1f1/Amon/rsdt/gn/,
6951,CMIP,BCC,BCC-ESM1,piControl,r1i1p1f1,Amon,rlut,gn,gs://cmip6/CMIP/BCC/BCC-ESM1/piControl/r1i1p1f1/Amon/rlut/gn/,
6958,CMIP,BCC,BCC-ESM1,piControl,r1i1p1f1,Amon,rsut,gn,gs://cmip6/CMIP/BCC/BCC-ESM1/piControl/r1i1p1f1/Amon/rsut/gn/,
7009,CMIP,CAMS,CAMS-CSM1-0,1pctCO2,r1i1p1f1,Amon,rsdt,gn,gs://cmip6/CMIP/CAMS/CAMS-CSM1-0/1pctCO2/r1i1p1f1/Amon/rsdt/gn/,
7044,CMIP,CAMS,CAMS-CSM1-0,1pctCO2,r2i1p1f1,Amon,rsdt,gn,gs://cmip6/CMIP/CAMS/CAMS-CSM1-0/1pctCO2/r2i1p1f1/Amon/rsdt/gn/,
7006,CMIP,CAMS,CAMS-CSM1-0,1pctCO2,r1i1p1f1,Amon,rlut,gn,gs://cmip6/CMIP/CAMS/CAMS-CSM1-0/1pctCO2/r1i1p1f1/Amon/rlut/gn/,
7041,CMIP,CAMS,CAMS-CSM1-0,1pctCO2,r2i1p1f1,Amon,rlut,gn,gs://cmip6/CMIP/CAMS/CAMS-CSM1-0/1pctCO2/r2i1p1f1/Amon/rlut/gn/,
7011,CMIP,CAMS,CAMS-CSM1-0,1pctCO2,r1i1p1f1,Amon,rsut,gn,gs://cmip6/CMIP/CAMS/CAMS-CSM1-0/1pctCO2/r1i1p1f1/Amon/rsut/gn/,
7046,CMIP,CAMS,CAMS-CSM1-0,1pctCO2,r2i1p1f1,Amon,rsut,gn,gs://cmip6/CMIP/CAMS/CAMS-CSM1-0/1pctCO2/r2i1p1f1/Amon/rsut/gn/,
7334,CMIP,CAMS,CAMS-CSM1-0,piControl,r1i1p1f1,Amon,rsdt,gn,gs://cmip6/CMIP/CAMS/CAMS-CSM1-0/piControl/r1i1p1f1/Amon/rsdt/gn/,
7331,CMIP,CAMS,CAMS-CSM1-0,piControl,r1i1p1f1,Amon,rlut,gn,gs://cmip6/CMIP/CAMS/CAMS-CSM1-0/piControl/r1i1p1f1/Amon/rlut/gn/,
7336,CMIP,CAMS,CAMS-CSM1-0,piControl,r1i1p1f1,Amon,rsut,gn,gs://cmip6/CMIP/CAMS/CAMS-CSM1-0/piControl/r1i1p1f1/Amon/rsut/gn/,
49008,CMIP,NCAR,CESM2,1pctCO2,r1i1p1f1,Amon,rsdt,gn,gs://cmip6/CMIP/NCAR/CESM2/1pctCO2/r1i1p1f1/Amon/rsdt/gn/,
49005,CMIP,NCAR,CESM2,1pctCO2,r1i1p1f1,Amon,rlut,gn,gs://cmip6/CMIP/NCAR/CESM2/1pctCO2/r1i1p1f1/Amon/rlut/gn/,
49208,CMIP,NCAR,CESM2,1pctCO2,r1i1p1f1,day,rlut,gn,gs://cmip6/CMIP/NCAR/CESM2/1pctCO2/r1i1p1f1/day/rlut/gn/,
49010,CMIP,NCAR,CESM2,1pctCO2,r1i1p1f1,Amon,rsut,gn,gs://cmip6/CMIP/NCAR/CESM2/1pctCO2/r1i1p1f1/Amon/rsut/gn/,
52646,CMIP,NCAR,CESM2,piControl,r1i1p1f1,Amon,rsdt,gn,gs://cmip6/CMIP/NCAR/CESM2/piControl/r1i1p1f1/Amon/rsdt/gn/,
52642,CMIP,NCAR,CESM2,piControl,r1i1p1f1,Amon,rlut,gn,gs://cmip6/CMIP/NCAR/CESM2/piControl/r1i1p1f1/Amon/rlut/gn/,
52785,CMIP,NCAR,CESM2,piControl,r1i1p1f1,day,rlut,gn,gs://cmip6/CMIP/NCAR/CESM2/piControl/r1i1p1f1/day/rlut/gn/,
52649,CMIP,NCAR,CESM2,piControl,r1i1p1f1,Amon,rsut,gn,gs://cmip6/CMIP/NCAR/CESM2/piControl/r1i1p1f1/Amon/rsut/gn/,
46636,CMIP,NCAR,CESM2-FV2,piControl,r1i1p1f1,Amon,rsdt,gn,gs://cmip6/CMIP/NCAR/CESM2-FV2/piControl/r1i1p1f1/Amon/rsdt/gn/,
46632,CMIP,NCAR,CESM2-FV2,piControl,r1i1p1f1,Amon,rlut,gn,gs://cmip6/CMIP/NCAR/CESM2-FV2/piControl/r1i1p1f1/Amon/rlut/gn/,
46639,CMIP,NCAR,CESM2-FV2,piControl,r1i1p1f1,Amon,rsut,gn,gs://cmip6/CMIP/NCAR/CESM2-FV2/piControl/r1i1p1f1/Amon/rsut/gn/,
47426,CMIP,NCAR,CESM2-WACCM,1pctCO2,r1i1p1f1,Amon,rsdt,gn,gs://cmip6/CMIP/NCAR/CESM2-WACCM/1pctCO2/r1i1p1f1/Amon/rsdt/gn/,
47423,CMIP,NCAR,CESM2-WACCM,1pctCO2,r1i1p1f1,Amon,rlut,gn,gs://cmip6/CMIP/NCAR/CESM2-WACCM/1pctCO2/r1i1p1f1/Amon/rlut/gn/,
47621,CMIP,NCAR,CESM2-WACCM,1pctCO2,r1i1p1f1,day,rlut,gn,gs://cmip6/CMIP/NCAR/CESM2-WACCM/1pctCO2/r1i1p1f1/day/rlut/gn/,
47428,CMIP,NCAR,CESM2-WACCM,1pctCO2,r1i1p1f1,Amon,rsut,gn,gs://cmip6/CMIP/NCAR/CESM2-WACCM/1pctCO2/r1i1p1f1/Amon/rsut/gn/,
47644,CMIP,NCAR,CESM2-WACCM,abrupt-4xCO2,r1i1p1f1,Amon,rsdt,gn,gs://cmip6/CMIP/NCAR/CESM2-WACCM/abrupt-4xCO2/r1i1p1f1/Amon/rsdt/gn/,
47641,CMIP,NCAR,CESM2-WACCM,abrupt-4xCO2,r1i1p1f1,Amon,rlut,gn,gs://cmip6/CMIP/NCAR/CESM2-WACCM/abrupt-4xCO2/r1i1p1f1/Amon/rlut/gn/,
47800,CMIP,NCAR,CESM2-WACCM,abrupt-4xCO2,r1i1p1f1,day,rlut,gn,gs://cmip6/CMIP/NCAR/CESM2-WACCM/abrupt-4xCO2/r1i1p1f1/day/rlut/gn/,
47646,CMIP,NCAR,CESM2-WACCM,abrupt-4xCO2,r1i1p1f1,Amon,rsut,gn,gs://cmip6/CMIP/NCAR/CESM2-WACCM/abrupt-4xCO2/r1i1p1f1/Amon/rsut/gn/,
48802,CMIP,NCAR,CESM2-WACCM,piControl,r1i1p1f1,Amon,rsdt,gn,gs://cmip6/CMIP/NCAR/CESM2-WACCM/piControl/r1i1p1f1/Amon/rsdt/gn/,
48798,CMIP,NCAR,CESM2-WACCM,piControl,r1i1p1f1,Amon,rlut,gn,gs://cmip6/CMIP/NCAR/CESM2-WACCM/piControl/r1i1p1f1/Amon/rlut/gn/,
48805,CMIP,NCAR,CESM2-WACCM,piControl,r1i1p1f1,Amon,rsut,gn,gs://cmip6/CMIP/NCAR/CESM2-WACCM/piControl/r1i1p1f1/Amon/rsut/gn/,
47178,CMIP,NCAR,CESM2-WACCM-FV2,piControl,r1i1p1f1,Amon,rsdt,gn,gs://cmip6/CMIP/NCAR/CESM2-WACCM-FV2/piControl/r1i1p1f1/Amon/rsdt/gn/,
47174,CMIP,NCAR,CESM2-WACCM-FV2,piControl,r1i1p1f1,Amon,rlut,gn,gs://cmip6/CMIP/NCAR/CESM2-WACCM-FV2/piControl/r1i1p1f1/Amon/rlut/gn/,
47181,CMIP,NCAR,CESM2-WACCM-FV2,piControl,r1i1p1f1,Amon,rsut,gn,gs://cmip6/CMIP/NCAR/CESM2-WACCM-FV2/piControl/r1i1p1f1/Amon/rsut/gn/,
16363,CMIP,CNRM-CERFACS,CNRM-CM6-1,1pctCO2,r1i1p1f2,Amon,rsdt,gr,gs://cmip6/CMIP/CNRM-CERFACS/CNRM-CM6-1/1pctCO2/r1i1p1f2/Amon/rsdt/gr/,
16360,CMIP,CNRM-CERFACS,CNRM-CM6-1,1pctCO2,r1i1p1f2,Amon,rlut,gr,gs://cmip6/CMIP/CNRM-CERFACS/CNRM-CM6-1/1pctCO2/r1i1p1f2/Amon/rlut/gr/,
16414,CMIP,CNRM-CERFACS,CNRM-CM6-1,1pctCO2,r1i1p1f2,day,rlut,gr,gs://cmip6/CMIP/CNRM-CERFACS/CNRM-CM6-1/1pctCO2/r1i1p1f2/day/rlut/gr/,
16365,CMIP,CNRM-CERFACS,CNRM-CM6-1,1pctCO2,r1i1p1f2,Amon,rsut,gr,gs://cmip6/CMIP/CNRM-CERFACS/CNRM-CM6-1/1pctCO2/r1i1p1f2/Amon/rsut/gr/,
20099,CMIP,CNRM-CERFACS,CNRM-CM6-1,piControl,r1i1p1f2,Amon,rsdt,gr,gs://cmip6/CMIP/CNRM-CERFACS/CNRM-CM6-1/piControl/r1i1p1f2/Amon/rsdt/gr/,
20095,CMIP,CNRM-CERFACS,CNRM-CM6-1,piControl,r1i1p1f2,Amon,rlut,gr,gs://cmip6/CMIP/CNRM-CERFACS/CNRM-CM6-1/piControl/r1i1p1f2/Amon/rlut/gr/,
20102,CMIP,CNRM-CERFACS,CNRM-CM6-1,piControl,r1i1p1f2,Amon,rsut,gr,gs://cmip6/CMIP/CNRM-CERFACS/CNRM-CM6-1/piControl/r1i1p1f2/Amon/rsut/gr/,
16216,CMIP,CNRM-CERFACS,CNRM-CM6-1-HR,abrupt-4xCO2,r1i1p1f2,Amon,rsdt,gr,gs://cmip6/CMIP/CNRM-CERFACS/CNRM-CM6-1-HR/abrupt-4xCO2/r1i1p1f2/Amon/rsdt/gr/,
16213,CMIP,CNRM-CERFACS,CNRM-CM6-1-HR,abrupt-4xCO2,r1i1p1f2,Amon,rlut,gr,gs://cmip6/CMIP/CNRM-CERFACS/CNRM-CM6-1-HR/abrupt-4xCO2/r1i1p1f2/Amon/rlut/gr/,
16217,CMIP,CNRM-CERFACS,CNRM-CM6-1-HR,abrupt-4xCO2,r1i1p1f2,Amon,rsut,gr,gs://cmip6/CMIP/CNRM-CERFACS/CNRM-CM6-1-HR/abrupt-4xCO2/r1i1p1f2/Amon/rsut/gr/,
16307,CMIP,CNRM-CERFACS,CNRM-CM6-1-HR,piControl,r1i1p1f2,Amon,rsdt,gr,gs://cmip6/CMIP/CNRM-CERFACS/CNRM-CM6-1-HR/piControl/r1i1p1f2/Amon/rsdt/gr/,
16303,CMIP,CNRM-CERFACS,CNRM-CM6-1-HR,piControl,r1i1p1f2,Amon,rlut,gr,gs://cmip6/CMIP/CNRM-CERFACS/CNRM-CM6-1-HR/piControl/r1i1p1f2/Amon/rlut/gr/,
16310,CMIP,CNRM-CERFACS,CNRM-CM6-1-HR,piControl,r1i1p1f2,Amon,rsut,gr,gs://cmip6/CMIP/CNRM-CERFACS/CNRM-CM6-1-HR/piControl/r1i1p1f2/Amon/rsut/gr/,
20182,CMIP,CNRM-CERFACS,CNRM-ESM2-1,1pctCO2,r1i1p1f2,Amon,rsdt,gr,gs://cmip6/CMIP/CNRM-CERFACS/CNRM-ESM2-1/1pctCO2/r1i1p1f2/Amon/rsdt/gr/,
20277,CMIP,CNRM-CERFACS,CNRM-ESM2-1,1pctCO2,r2i1p1f2,Amon,rsdt,gr,gs://cmip6/CMIP/CNRM-CERFACS/CNRM-ESM2-1/1pctCO2/r2i1p1f2/Amon/rsdt/gr/,
20367,CMIP,CNRM-CERFACS,CNRM-ESM2-1,1pctCO2,r3i1p1f2,Amon,rsdt,gr,gs://cmip6/CMIP/CNRM-CERFACS/CNRM-ESM2-1/1pctCO2/r3i1p1f2/Amon/rsdt/gr/,
20457,CMIP,CNRM-CERFACS,CNRM-ESM2-1,1pctCO2,r4i1p1f2,Amon,rsdt,gr,gs://cmip6/CMIP/CNRM-CERFACS/CNRM-ESM2-1/1pctCO2/r4i1p1f2/Amon/rsdt/gr/,
20179,CMIP,CNRM-CERFACS,CNRM-ESM2-1,1pctCO2,r1i1p1f2,Amon,rlut,gr,gs://cmip6/CMIP/CNRM-CERFACS/CNRM-ESM2-1/1pctCO2/r1i1p1f2/Amon/rlut/gr/,
20255,CMIP,CNRM-CERFACS,CNRM-ESM2-1,1pctCO2,r1i1p1f2,day,rlut,gr,gs://cmip6/CMIP/CNRM-CERFACS/CNRM-ESM2-1/1pctCO2/r1i1p1f2/day/rlut/gr/,
20274,CMIP,CNRM-CERFACS,CNRM-ESM2-1,1pctCO2,r2i1p1f2,Amon,rlut,gr,gs://cmip6/CMIP/CNRM-CERFACS/CNRM-ESM2-1/1pctCO2/r2i1p1f2/Amon/rlut/gr/,
20364,CMIP,CNRM-CERFACS,CNRM-ESM2-1,1pctCO2,r3i1p1f2,Amon,rlut,gr,gs://cmip6/CMIP/CNRM-CERFACS/CNRM-ESM2-1/1pctCO2/r3i1p1f2/Amon/rlut/gr/,
20454,CMIP,CNRM-CERFACS,CNRM-ESM2-1,1pctCO2,r4i1p1f2,Amon,rlut,gr,gs://cmip6/CMIP/CNRM-CERFACS/CNRM-ESM2-1/1pctCO2/r4i1p1f2/Amon/rlut/gr/,
20184,CMIP,CNRM-CERFACS,CNRM-ESM2-1,1pctCO2,r1i1p1f2,Amon,rsut,gr,gs://cmip6/CMIP/CNRM-CERFACS/CNRM-ESM2-1/1pctCO2/r1i1p1f2/Amon/rsut/gr/,
20279,CMIP,CNRM-CERFACS,CNRM-ESM2-1,1pctCO2,r2i1p1f2,Amon,rsut,gr,gs://cmip6/CMIP/CNRM-CERFACS/CNRM-ESM2-1/1pctCO2/r2i1p1f2/Amon/rsut/gr/,
20369,CMIP,CNRM-CERFACS,CNRM-ESM2-1,1pctCO2,r3i1p1f2,Amon,rsut,gr,gs://cmip6/CMIP/CNRM-CERFACS/CNRM-ESM2-1/1pctCO2/r3i1p1f2/Amon/rsut/gr/,
20459,CMIP,CNRM-CERFACS,CNRM-ESM2-1,1pctCO2,r4i1p1f2,Amon,rsut,gr,gs://cmip6/CMIP/CNRM-CERFACS/CNRM-ESM2-1/1pctCO2/r4i1p1f2/Amon/rsut/gr/,
22136,CMIP,CNRM-CERFACS,CNRM-ESM2-1,piControl,r1i1p1f2,Amon,rsdt,gr,gs://cmip6/CMIP/CNRM-CERFACS/CNRM-ESM2-1/piControl/r1i1p1f2/Amon/rsdt/gr/,
22132,CMIP,CNRM-CERFACS,CNRM-ESM2-1,piControl,r1i1p1f2,Amon,rlut,gr,gs://cmip6/CMIP/CNRM-CERFACS/CNRM-ESM2-1/piControl/r1i1p1f2/Amon/rlut/gr/,
22139,CMIP,CNRM-CERFACS,CNRM-ESM2-1,piControl,r1i1p1f2,Amon,rsut,gr,gs://cmip6/CMIP/CNRM-CERFACS/CNRM-ESM2-1/piControl/r1i1p1f2/Amon/rsut/gr/,
15967,CMIP,CCCma,CanESM5,piControl,r1i1p1f1,Amon,rsdt,gn,gs://cmip6/CMIP/CCCma/CanESM5/piControl/r1i1p1f1/Amon/rsdt/gn/,
16075,CMIP,CCCma,CanESM5,piControl,r1i1p2f1,Amon,rsdt,gn,gs://cmip6/CMIP/CCCma/CanESM5/piControl/r1i1p2f1/Amon/rsdt/gn/,
15963,CMIP,CCCma,CanESM5,piControl,r1i1p1f1,Amon,rlut,gn,gs://cmip6/CMIP/CCCma/CanESM5/piControl/r1i1p1f1/Amon/rlut/gn/,
16072,CMIP,CCCma,CanESM5,piControl,r1i1p2f1,Amon,rlut,gn,gs://cmip6/CMIP/CCCma/CanESM5/piControl/r1i1p2f1/Amon/rlut/gn/,
15970,CMIP,CCCma,CanESM5,piControl,r1i1p1f1,Amon,rsut,gn,gs://cmip6/CMIP/CCCma/CanESM5/piControl/r1i1p1f1/Amon/rsut/gn/,
16077,CMIP,CCCma,CanESM5,piControl,r1i1p2f1,Amon,rsut,gn,gs://cmip6/CMIP/CCCma/CanESM5/piControl/r1i1p2f1/Amon/rsut/gn/,
23557,CMIP,E3SM-Project,E3SM-1-0,piControl,r1i1p1f1,Amon,rsdt,gr,gs://cmip6/CMIP/E3SM-Project/E3SM-1-0/piControl/r1i1p1f1/Amon/rsdt/gr/,
23553,CMIP,E3SM-Project,E3SM-1-0,piControl,r1i1p1f1,Amon,rlut,gr,gs://cmip6/CMIP/E3SM-Project/E3SM-1-0/piControl/r1i1p1f1/Amon/rlut/gr/,
23560,CMIP,E3SM-Project,E3SM-1-0,piControl,r1i1p1f1,Amon,rsut,gr,gs://cmip6/CMIP/E3SM-Project/E3SM-1-0/piControl/r1i1p1f1/Amon/rsut/gr/,
23740,CMIP,E3SM-Project,E3SM-1-1,piControl,r1i1p1f1,Amon,rsdt,gr,gs://cmip6/CMIP/E3SM-Project/E3SM-1-1/piControl/r1i1p1f1/Amon/rsdt/gr/,
23736,CMIP,E3SM-Project,E3SM-1-1,piControl,r1i1p1f1,Amon,rlut,gr,gs://cmip6/CMIP/E3SM-Project/E3SM-1-1/piControl/r1i1p1f1/Amon/rlut/gr/,
23743,CMIP,E3SM-Project,E3SM-1-1,piControl,r1i1p1f1,Amon,rsut,gr,gs://cmip6/CMIP/E3SM-Project/E3SM-1-1/piControl/r1i1p1f1/Amon/rsut/gr/,
24784,CMIP,EC-Earth-Consortium,EC-Earth3,piControl,r1i1p1f1,Amon,rsdt,gr,gs://cmip6/CMIP/EC-Earth-Consortium/EC-Earth3/piControl/r1i1p1f1/Amon/rsdt/gr/,
24780,CMIP,EC-Earth-Consortium,EC-Earth3,piControl,r1i1p1f1,Amon,rlut,gr,gs://cmip6/CMIP/EC-Earth-Consortium/EC-Earth3/piControl/r1i1p1f1/Amon/rlut/gr/,
24787,CMIP,EC-Earth-Consortium,EC-Earth3,piControl,r1i1p1f1,Amon,rsut,gr,gs://cmip6/CMIP/EC-Earth-Consortium/EC-Earth3/piControl/r1i1p1f1/Amon/rsut/gr/,
24244,CMIP,EC-Earth-Consortium,EC-Earth3-Veg,piControl,r1i1p1f1,Amon,rsdt,gr,gs://cmip6/CMIP/EC-Earth-Consortium/EC-Earth3-Veg/piControl/r1i1p1f1/Amon/rsdt/gr/,
24240,CMIP,EC-Earth-Consortium,EC-Earth3-Veg,piControl,r1i1p1f1,Amon,rlut,gr,gs://cmip6/CMIP/EC-Earth-Consortium/EC-Earth3-Veg/piControl/r1i1p1f1/Amon/rlut/gr/,
24247,CMIP,EC-Earth-Consortium,EC-Earth3-Veg,piControl,r1i1p1f1,Amon,rsut,gr,gs://cmip6/CMIP/EC-Earth-Consortium/EC-Earth3-Veg/piControl/r1i1p1f1/Amon/rsut/gr/,
7692,CMIP,CAS,FGOALS-g3,piControl,r1i1p1f1,Amon,rtmt,gn,gs://cmip6/CMIP/CAS/FGOALS-g3/piControl/r1i1p1f1/Amon/rtmt/gn/,
54689,CMIP,NOAA-GFDL,GFDL-CM4,1pctCO2,r1i1p1f1,Amon,rsdt,gr1,gs://cmip6/CMIP/NOAA-GFDL/GFDL-CM4/1pctCO2/r1i1p1f1/Amon/rsdt/gr1/,
54686,CMIP,NOAA-GFDL,GFDL-CM4,1pctCO2,r1i1p1f1,Amon,rlut,gr1,gs://cmip6/CMIP/NOAA-GFDL/GFDL-CM4/1pctCO2/r1i1p1f1/Amon/rlut/gr1/,
54772,CMIP,NOAA-GFDL,GFDL-CM4,1pctCO2,r1i1p1f1,day,rlut,gr1,gs://cmip6/CMIP/NOAA-GFDL/GFDL-CM4/1pctCO2/r1i1p1f1/day/rlut/gr1/,
54773,CMIP,NOAA-GFDL,GFDL-CM4,1pctCO2,r1i1p1f1,day,rlut,gr2,gs://cmip6/CMIP/NOAA-GFDL/GFDL-CM4/1pctCO2/r1i1p1f1/day/rlut/gr2/,
54691,CMIP,NOAA-GFDL,GFDL-CM4,1pctCO2,r1i1p1f1,Amon,rsut,gr1,gs://cmip6/CMIP/NOAA-GFDL/GFDL-CM4/1pctCO2/r1i1p1f1/Amon/rsut/gr1/,
54793,CMIP,NOAA-GFDL,GFDL-CM4,abrupt-4xCO2,r1i1p1f1,Amon,rsdt,gr1,gs://cmip6/CMIP/NOAA-GFDL/GFDL-CM4/abrupt-4xCO2/r1i1p1f1/Amon/rsdt/gr1/,
54790,CMIP,NOAA-GFDL,GFDL-CM4,abrupt-4xCO2,r1i1p1f1,Amon,rlut,gr1,gs://cmip6/CMIP/NOAA-GFDL/GFDL-CM4/abrupt-4xCO2/r1i1p1f1/Amon/rlut/gr1/,
54876,CMIP,NOAA-GFDL,GFDL-CM4,abrupt-4xCO2,r1i1p1f1,day,rlut,gr1,gs://cmip6/CMIP/NOAA-GFDL/GFDL-CM4/abrupt-4xCO2/r1i1p1f1/day/rlut/gr1/,
54877,CMIP,NOAA-GFDL,GFDL-CM4,abrupt-4xCO2,r1i1p1f1,day,rlut,gr2,gs://cmip6/CMIP/NOAA-GFDL/GFDL-CM4/abrupt-4xCO2/r1i1p1f1/day/rlut/gr2/,
54795,CMIP,NOAA-GFDL,GFDL-CM4,abrupt-4xCO2,r1i1p1f1,Amon,rsut,gr1,gs://cmip6/CMIP/NOAA-GFDL/GFDL-CM4/abrupt-4xCO2/r1i1p1f1/Amon/rsut/gr1/,
55156,CMIP,NOAA-GFDL,GFDL-CM4,piControl,r1i1p1f1,Amon,rsdt,gr1,gs://cmip6/CMIP/NOAA-GFDL/GFDL-CM4/piControl/r1i1p1f1/Amon/rsdt/gr1/,
55152,CMIP,NOAA-GFDL,GFDL-CM4,piControl,r1i1p1f1,Amon,rlut,gr1,gs://cmip6/CMIP/NOAA-GFDL/GFDL-CM4/piControl/r1i1p1f1/Amon/rlut/gr1/,
55249,CMIP,NOAA-GFDL,GFDL-CM4,piControl,r1i1p1f1,day,rlut,gr1,gs://cmip6/CMIP/NOAA-GFDL/GFDL-CM4/piControl/r1i1p1f1/day/rlut/gr1/,
55250,CMIP,NOAA-GFDL,GFDL-CM4,piControl,r1i1p1f1,day,rlut,gr2,gs://cmip6/CMIP/NOAA-GFDL/GFDL-CM4/piControl/r1i1p1f1/day/rlut/gr2/,
55159,CMIP,NOAA-GFDL,GFDL-CM4,piControl,r1i1p1f1,Amon,rsut,gr1,gs://cmip6/CMIP/NOAA-GFDL/GFDL-CM4/piControl/r1i1p1f1/Amon/rsut/gr1/,
55398,CMIP,NOAA-GFDL,GFDL-ESM4,abrupt-4xCO2,r1i1p1f1,Amon,rsdt,gr1,gs://cmip6/CMIP/NOAA-GFDL/GFDL-ESM4/abrupt-4xCO2/r1i1p1f1/Amon/rsdt/gr1/,
55396,CMIP,NOAA-GFDL,GFDL-ESM4,abrupt-4xCO2,r1i1p1f1,Amon,rlut,gr1,gs://cmip6/CMIP/NOAA-GFDL/GFDL-ESM4/abrupt-4xCO2/r1i1p1f1/Amon/rlut/gr1/,
55399,CMIP,NOAA-GFDL,GFDL-ESM4,abrupt-4xCO2,r1i1p1f1,Amon,rsut,gr1,gs://cmip6/CMIP/NOAA-GFDL/GFDL-ESM4/abrupt-4xCO2/r1i1p1f1/Amon/rsut/gr1/,
55791,CMIP,NOAA-GFDL,GFDL-ESM4,piControl,r1i1p1f1,Amon,rsdt,gr1,gs://cmip6/CMIP/NOAA-GFDL/GFDL-ESM4/piControl/r1i1p1f1/Amon/rsdt/gr1/,
55787,CMIP,NOAA-GFDL,GFDL-ESM4,piControl,r1i1p1f1,Amon,rlut,gr1,gs://cmip6/CMIP/NOAA-GFDL/GFDL-ESM4/piControl/r1i1p1f1/Amon/rlut/gr1/,
55794,CMIP,NOAA-GFDL,GFDL-ESM4,piControl,r1i1p1f1,Amon,rsut,gr1,gs://cmip6/CMIP/NOAA-GFDL/GFDL-ESM4/piControl/r1i1p1f1/Amon/rsut/gr1/,
41781,CMIP,NASA-GISS,GISS-E2-1-G,abrupt-4xCO2,r102i1p1f1,Amon,rsdt,gn,gs://cmip6/CMIP/NASA-GISS/GISS-E2-1-G/abrupt-4xCO2/r102i1p1f1/Amon/rsdt/gn/,
41818,CMIP,NASA-GISS,GISS-E2-1-G,abrupt-4xCO2,r1i1p1f1,Amon,rsdt,gn,gs://cmip6/CMIP/NASA-GISS/GISS-E2-1-G/abrupt-4xCO2/r1i1p1f1/Amon/rsdt/gn/,
41877,CMIP,NASA-GISS,GISS-E2-1-G,abrupt-4xCO2,r1i1p1f3,Amon,rsdt,gn,gs://cmip6/CMIP/NASA-GISS/GISS-E2-1-G/abrupt-4xCO2/r1i1p1f3/Amon/rsdt/gn/,
41913,CMIP,NASA-GISS,GISS-E2-1-G,abrupt-4xCO2,r1i1p3f1,Amon,rsdt,gn,gs://cmip6/CMIP/NASA-GISS/GISS-E2-1-G/abrupt-4xCO2/r1i1p3f1/Amon/rsdt/gn/,
41778,CMIP,NASA-GISS,GISS-E2-1-G,abrupt-4xCO2,r102i1p1f1,Amon,rlut,gn,gs://cmip6/CMIP/NASA-GISS/GISS-E2-1-G/abrupt-4xCO2/r102i1p1f1/Amon/rlut/gn/,
41815,CMIP,NASA-GISS,GISS-E2-1-G,abrupt-4xCO2,r1i1p1f1,Amon,rlut,gn,gs://cmip6/CMIP/NASA-GISS/GISS-E2-1-G/abrupt-4xCO2/r1i1p1f1/Amon/rlut/gn/,
41874,CMIP,NASA-GISS,GISS-E2-1-G,abrupt-4xCO2,r1i1p1f3,Amon,rlut,gn,gs://cmip6/CMIP/NASA-GISS/GISS-E2-1-G/abrupt-4xCO2/r1i1p1f3/Amon/rlut/gn/,
41911,CMIP,NASA-GISS,GISS-E2-1-G,abrupt-4xCO2,r1i1p3f1,Amon,rlut,gn,gs://cmip6/CMIP/NASA-GISS/GISS-E2-1-G/abrupt-4xCO2/r1i1p3f1/Amon/rlut/gn/,
41783,CMIP,NASA-GISS,GISS-E2-1-G,abrupt-4xCO2,r102i1p1f1,Amon,rsut,gn,gs://cmip6/CMIP/NASA-GISS/GISS-E2-1-G/abrupt-4xCO2/r102i1p1f1/Amon/rsut/gn/,
41820,CMIP,NASA-GISS,GISS-E2-1-G,abrupt-4xCO2,r1i1p1f1,Amon,rsut,gn,gs://cmip6/CMIP/NASA-GISS/GISS-E2-1-G/abrupt-4xCO2/r1i1p1f1/Amon/rsut/gn/,
41879,CMIP,NASA-GISS,GISS-E2-1-G,abrupt-4xCO2,r1i1p1f3,Amon,rsut,gn,gs://cmip6/CMIP/NASA-GISS/GISS-E2-1-G/abrupt-4xCO2/r1i1p1f3/Amon/rsut/gn/,
41914,CMIP,NASA-GISS,GISS-E2-1-G,abrupt-4xCO2,r1i1p3f1,Amon,rsut,gn,gs://cmip6/CMIP/NASA-GISS/GISS-E2-1-G/abrupt-4xCO2/r1i1p3f1/Amon/rsut/gn/,
44310,CMIP,NASA-GISS,GISS-E2-1-G,piControl,r101i1p1f1,Amon,rsdt,gn,gs://cmip6/CMIP/NASA-GISS/GISS-E2-1-G/piControl/r101i1p1f1/Amon/rsdt/gn/,
44383,CMIP,NASA-GISS,GISS-E2-1-G,piControl,r102i1p1f1,Amon,rsdt,gn,gs://cmip6/CMIP/NASA-GISS/GISS-E2-1-G/piControl/r102i1p1f1/Amon/rsdt/gn/,
44455,CMIP,NASA-GISS,GISS-E2-1-G,piControl,r1i1p1f1,Amon,rsdt,gn,gs://cmip6/CMIP/NASA-GISS/GISS-E2-1-G/piControl/r1i1p1f1/Amon/rsdt/gn/,
44527,CMIP,NASA-GISS,GISS-E2-1-G,piControl,r1i1p1f2,Amon,rsdt,gn,gs://cmip6/CMIP/NASA-GISS/GISS-E2-1-G/piControl/r1i1p1f2/Amon/rsdt/gn/,
44590,CMIP,NASA-GISS,GISS-E2-1-G,piControl,r1i1p1f3,Amon,rsdt,gn,gs://cmip6/CMIP/NASA-GISS/GISS-E2-1-G/piControl/r1i1p1f3/Amon/rsdt/gn/,
44646,CMIP,NASA-GISS,GISS-E2-1-G,piControl,r1i1p3f1,Amon,rsdt,gn,gs://cmip6/CMIP/NASA-GISS/GISS-E2-1-G/piControl/r1i1p3f1/Amon/rsdt/gn/,
44689,CMIP,NASA-GISS,GISS-E2-1-G,piControl,r2i1p1f1,Amon,rsdt,gn,gs://cmip6/CMIP/NASA-GISS/GISS-E2-1-G/piControl/r2i1p1f1/Amon/rsdt/gn/,
44306,CMIP,NASA-GISS,GISS-E2-1-G,piControl,r101i1p1f1,Amon,rlut,gn,gs://cmip6/CMIP/NASA-GISS/GISS-E2-1-G/piControl/r101i1p1f1/Amon/rlut/gn/,
44380,CMIP,NASA-GISS,GISS-E2-1-G,piControl,r102i1p1f1,Amon,rlut,gn,gs://cmip6/CMIP/NASA-GISS/GISS-E2-1-G/piControl/r102i1p1f1/Amon/rlut/gn/,
44452,CMIP,NASA-GISS,GISS-E2-1-G,piControl,r1i1p1f1,Amon,rlut,gn,gs://cmip6/CMIP/NASA-GISS/GISS-E2-1-G/piControl/r1i1p1f1/Amon/rlut/gn/,
44524,CMIP,NASA-GISS,GISS-E2-1-G,piControl,r1i1p1f2,Amon,rlut,gn,gs://cmip6/CMIP/NASA-GISS/GISS-E2-1-G/piControl/r1i1p1f2/Amon/rlut/gn/,
44587,CMIP,NASA-GISS,GISS-E2-1-G,piControl,r1i1p1f3,Amon,rlut,gn,gs://cmip6/CMIP/NASA-GISS/GISS-E2-1-G/piControl/r1i1p1f3/Amon/rlut/gn/,
44645,CMIP,NASA-GISS,GISS-E2-1-G,piControl,r1i1p3f1,Amon,rlut,gn,gs://cmip6/CMIP/NASA-GISS/GISS-E2-1-G/piControl/r1i1p3f1/Amon/rlut/gn/,
44686,CMIP,NASA-GISS,GISS-E2-1-G,piControl,r2i1p1f1,Amon,rlut,gn,gs://cmip6/CMIP/NASA-GISS/GISS-E2-1-G/piControl/r2i1p1f1/Amon/rlut/gn/,
44313,CMIP,NASA-GISS,GISS-E2-1-G,piControl,r101i1p1f1,Amon,rsut,gn,gs://cmip6/CMIP/NASA-GISS/GISS-E2-1-G/piControl/r101i1p1f1/Amon/rsut/gn/,
44385,CMIP,NASA-GISS,GISS-E2-1-G,piControl,r102i1p1f1,Amon,rsut,gn,gs://cmip6/CMIP/NASA-GISS/GISS-E2-1-G/piControl/r102i1p1f1/Amon/rsut/gn/,
44457,CMIP,NASA-GISS,GISS-E2-1-G,piControl,r1i1p1f1,Amon,rsut,gn,gs://cmip6/CMIP/NASA-GISS/GISS-E2-1-G/piControl/r1i1p1f1/Amon/rsut/gn/,
44529,CMIP,NASA-GISS,GISS-E2-1-G,piControl,r1i1p1f2,Amon,rsut,gn,gs://cmip6/CMIP/NASA-GISS/GISS-E2-1-G/piControl/r1i1p1f2/Amon/rsut/gn/,
44592,CMIP,NASA-GISS,GISS-E2-1-G,piControl,r1i1p1f3,Amon,rsut,gn,gs://cmip6/CMIP/NASA-GISS/GISS-E2-1-G/piControl/r1i1p1f3/Amon/rsut/gn/,
44647,CMIP,NASA-GISS,GISS-E2-1-G,piControl,r1i1p3f1,Amon,rsut,gn,gs://cmip6/CMIP/NASA-GISS/GISS-E2-1-G/piControl/r1i1p3f1/Amon/rsut/gn/,
44691,CMIP,NASA-GISS,GISS-E2-1-G,piControl,r2i1p1f1,Amon,rsut,gn,gs://cmip6/CMIP/NASA-GISS/GISS-E2-1-G/piControl/r2i1p1f1/Amon/rsut/gn/,
41423,CMIP,NASA-GISS,GISS-E2-1-G-CC,piControl,r1i1p1f1,Amon,rsdt,gn,gs://cmip6/CMIP/NASA-GISS/GISS-E2-1-G-CC/piControl/r1i1p1f1/Amon/rsdt/gn/,
41419,CMIP,NASA-GISS,GISS-E2-1-G-CC,piControl,r1i1p1f1,Amon,rlut,gn,gs://cmip6/CMIP/NASA-GISS/GISS-E2-1-G-CC/piControl/r1i1p1f1/Amon/rlut/gn/,
41426,CMIP,NASA-GISS,GISS-E2-1-G-CC,piControl,r1i1p1f1,Amon,rsut,gn,gs://cmip6/CMIP/NASA-GISS/GISS-E2-1-G-CC/piControl/r1i1p1f1/Amon/rsut/gn/,
46106,CMIP,NASA-GISS,GISS-E2-2-G,1pctCO2,r1i1p1f1,Amon,rsdt,gn,gs://cmip6/CMIP/NASA-GISS/GISS-E2-2-G/1pctCO2/r1i1p1f1/Amon/rsdt/gn/,
46104,CMIP,NASA-GISS,GISS-E2-2-G,1pctCO2,r1i1p1f1,Amon,rlut,gn,gs://cmip6/CMIP/NASA-GISS/GISS-E2-2-G/1pctCO2/r1i1p1f1/Amon/rlut/gn/,
46107,CMIP,NASA-GISS,GISS-E2-2-G,1pctCO2,r1i1p1f1,Amon,rsut,gn,gs://cmip6/CMIP/NASA-GISS/GISS-E2-2-G/1pctCO2/r1i1p1f1/Amon/rsut/gn/,
46180,CMIP,NASA-GISS,GISS-E2-2-G,piControl,r1i1p1f1,Amon,rsdt,gn,gs://cmip6/CMIP/NASA-GISS/GISS-E2-2-G/piControl/r1i1p1f1/Amon/rsdt/gn/,
46176,CMIP,NASA-GISS,GISS-E2-2-G,piControl,r1i1p1f1,Amon,rlut,gn,gs://cmip6/CMIP/NASA-GISS/GISS-E2-2-G/piControl/r1i1p1f1/Amon/rlut/gn/,
46183,CMIP,NASA-GISS,GISS-E2-2-G,piControl,r1i1p1f1,Amon,rsut,gn,gs://cmip6/CMIP/NASA-GISS/GISS-E2-2-G/piControl/r1i1p1f1/Amon/rsut/gn/,
35524,CMIP,MOHC,HadGEM3-GC31-LL,piControl,r1i1p1f1,Amon,rsdt,gn,gs://cmip6/CMIP/MOHC/HadGEM3-GC31-LL/piControl/r1i1p1f1/Amon/rsdt/gn/,
35520,CMIP,MOHC,HadGEM3-GC31-LL,piControl,r1i1p1f1,Amon,rlut,gn,gs://cmip6/CMIP/MOHC/HadGEM3-GC31-LL/piControl/r1i1p1f1/Amon/rlut/gn/,
35527,CMIP,MOHC,HadGEM3-GC31-LL,piControl,r1i1p1f1,Amon,rsut,gn,gs://cmip6/CMIP/MOHC/HadGEM3-GC31-LL/piControl/r1i1p1f1/Amon/rsut/gn/,
35743,CMIP,MOHC,HadGEM3-GC31-MM,piControl,r1i1p1f1,Amon,rsdt,gn,gs://cmip6/CMIP/MOHC/HadGEM3-GC31-MM/piControl/r1i1p1f1/Amon/rsdt/gn/,
35739,CMIP,MOHC,HadGEM3-GC31-MM,piControl,r1i1p1f1,Amon,rlut,gn,gs://cmip6/CMIP/MOHC/HadGEM3-GC31-MM/piControl/r1i1p1f1/Amon/rlut/gn/,
35746,CMIP,MOHC,HadGEM3-GC31-MM,piControl,r1i1p1f1,Amon,rsut,gn,gs://cmip6/CMIP/MOHC/HadGEM3-GC31-MM/piControl/r1i1p1f1/Amon/rsut/gn/,
25392,CMIP,INM,INM-CM4-8,piControl,r1i1p1f1,Amon,rsdt,gr1,gs://cmip6/CMIP/INM/INM-CM4-8/piControl/r1i1p1f1/Amon/rsdt/gr1/,
25388,CMIP,INM,INM-CM4-8,piControl,r1i1p1f1,Amon,rlut,gr1,gs://cmip6/CMIP/INM/INM-CM4-8/piControl/r1i1p1f1/Amon/rlut/gr1/,
25395,CMIP,INM,INM-CM4-8,piControl,r1i1p1f1,Amon,rsut,gr1,gs://cmip6/CMIP/INM/INM-CM4-8/piControl/r1i1p1f1/Amon/rsut/gr1/,
25545,CMIP,INM,INM-CM5-0,piControl,r1i1p1f1,Amon,rsdt,gr1,gs://cmip6/CMIP/INM/INM-CM5-0/piControl/r1i1p1f1/Amon/rsdt/gr1/,
25541,CMIP,INM,INM-CM5-0,piControl,r1i1p1f1,Amon,rlut,gr1,gs://cmip6/CMIP/INM/INM-CM5-0/piControl/r1i1p1f1/Amon/rlut/gr1/,
25548,CMIP,INM,INM-CM5-0,piControl,r1i1p1f1,Amon,rsut,gr1,gs://cmip6/CMIP/INM/INM-CM5-0/piControl/r1i1p1f1/Amon/rsut/gr1/,
25592,CMIP,IPSL,IPSL-CM6A-LR,1pctCO2,r1i1p1f1,Amon,rsdt,gr,gs://cmip6/CMIP/IPSL/IPSL-CM6A-LR/1pctCO2/r1i1p1f1/Amon/rsdt/gr/,
25589,CMIP,IPSL,IPSL-CM6A-LR,1pctCO2,r1i1p1f1,Amon,rlut,gr,gs://cmip6/CMIP/IPSL/IPSL-CM6A-LR/1pctCO2/r1i1p1f1/Amon/rlut/gr/,
25740,CMIP,IPSL,IPSL-CM6A-LR,1pctCO2,r1i1p1f1,day,rlut,gr,gs://cmip6/CMIP/IPSL/IPSL-CM6A-LR/1pctCO2/r1i1p1f1/day/rlut/gr/,
25594,CMIP,IPSL,IPSL-CM6A-LR,1pctCO2,r1i1p1f1,Amon,rsut,gr,gs://cmip6/CMIP/IPSL/IPSL-CM6A-LR/1pctCO2/r1i1p1f1/Amon/rsut/gr/,
25762,CMIP,IPSL,IPSL-CM6A-LR,abrupt-4xCO2,r10i1p1f1,Amon,rsdt,gr,gs://cmip6/CMIP/IPSL/IPSL-CM6A-LR/abrupt-4xCO2/r10i1p1f1/Amon/rsdt/gr/,
25779,CMIP,IPSL,IPSL-CM6A-LR,abrupt-4xCO2,r10i1p1f1,CFday,rsdt,gr,gs://cmip6/CMIP/IPSL/IPSL-CM6A-LR/abrupt-4xCO2/r10i1p1f1/CFday/rsdt/gr/,
25835,CMIP,IPSL,IPSL-CM6A-LR,abrupt-4xCO2,r11i1p1f1,Amon,rsdt,gr,gs://cmip6/CMIP/IPSL/IPSL-CM6A-LR/abrupt-4xCO2/r11i1p1f1/Amon/rsdt/gr/,
25852,CMIP,IPSL,IPSL-CM6A-LR,abrupt-4xCO2,r11i1p1f1,CFday,rsdt,gr,gs://cmip6/CMIP/IPSL/IPSL-CM6A-LR/abrupt-4xCO2/r11i1p1f1/CFday/rsdt/gr/,
25906,CMIP,IPSL,IPSL-CM6A-LR,abrupt-4xCO2,r12i1p1f1,Amon,rsdt,gr,gs://cmip6/CMIP/IPSL/IPSL-CM6A-LR/abrupt-4xCO2/r12i1p1f1/Amon/rsdt/gr/,
25923,CMIP,IPSL,IPSL-CM6A-LR,abrupt-4xCO2,r12i1p1f1,CFday,rsdt,gr,gs://cmip6/CMIP/IPSL/IPSL-CM6A-LR/abrupt-4xCO2/r12i1p1f1/CFday/rsdt/gr/,
25975,CMIP,IPSL,IPSL-CM6A-LR,abrupt-4xCO2,r1i1p1f1,Amon,rsdt,gr,gs://cmip6/CMIP/IPSL/IPSL-CM6A-LR/abrupt-4xCO2/r1i1p1f1/Amon/rsdt/gr/,
25992,CMIP,IPSL,IPSL-CM6A-LR,abrupt-4xCO2,r1i1p1f1,CFday,rsdt,gr,gs://cmip6/CMIP/IPSL/IPSL-CM6A-LR/abrupt-4xCO2/r1i1p1f1/CFday/rsdt/gr/,
26060,CMIP,IPSL,IPSL-CM6A-LR,abrupt-4xCO2,r2i1p1f1,Amon,rsdt,gr,gs://cmip6/CMIP/IPSL/IPSL-CM6A-LR/abrupt-4xCO2/r2i1p1f1/Amon/rsdt/gr/,
26077,CMIP,IPSL,IPSL-CM6A-LR,abrupt-4xCO2,r2i1p1f1,CFday,rsdt,gr,gs://cmip6/CMIP/IPSL/IPSL-CM6A-LR/abrupt-4xCO2/r2i1p1f1/CFday/rsdt/gr/,
26131,CMIP,IPSL,IPSL-CM6A-LR,abrupt-4xCO2,r3i1p1f1,Amon,rsdt,gr,gs://cmip6/CMIP/IPSL/IPSL-CM6A-LR/abrupt-4xCO2/r3i1p1f1/Amon/rsdt/gr/,
26148,CMIP,IPSL,IPSL-CM6A-LR,abrupt-4xCO2,r3i1p1f1,CFday,rsdt,gr,gs://cmip6/CMIP/IPSL/IPSL-CM6A-LR/abrupt-4xCO2/r3i1p1f1/CFday/rsdt/gr/,
26202,CMIP,IPSL,IPSL-CM6A-LR,abrupt-4xCO2,r4i1p1f1,Amon,rsdt,gr,gs://cmip6/CMIP/IPSL/IPSL-CM6A-LR/abrupt-4xCO2/r4i1p1f1/Amon/rsdt/gr/,
26219,CMIP,IPSL,IPSL-CM6A-LR,abrupt-4xCO2,r4i1p1f1,CFday,rsdt,gr,gs://cmip6/CMIP/IPSL/IPSL-CM6A-LR/abrupt-4xCO2/r4i1p1f1/CFday/rsdt/gr/,
26273,CMIP,IPSL,IPSL-CM6A-LR,abrupt-4xCO2,r5i1p1f1,Amon,rsdt,gr,gs://cmip6/CMIP/IPSL/IPSL-CM6A-LR/abrupt-4xCO2/r5i1p1f1/Amon/rsdt/gr/,
26290,CMIP,IPSL,IPSL-CM6A-LR,abrupt-4xCO2,r5i1p1f1,CFday,rsdt,gr,gs://cmip6/CMIP/IPSL/IPSL-CM6A-LR/abrupt-4xCO2/r5i1p1f1/CFday/rsdt/gr/,
26344,CMIP,IPSL,IPSL-CM6A-LR,abrupt-4xCO2,r6i1p1f1,Amon,rsdt,gr,gs://cmip6/CMIP/IPSL/IPSL-CM6A-LR/abrupt-4xCO2/r6i1p1f1/Amon/rsdt/gr/,
26361,CMIP,IPSL,IPSL-CM6A-LR,abrupt-4xCO2,r6i1p1f1,CFday,rsdt,gr,gs://cmip6/CMIP/IPSL/IPSL-CM6A-LR/abrupt-4xCO2/r6i1p1f1/CFday/rsdt/gr/,
26415,CMIP,IPSL,IPSL-CM6A-LR,abrupt-4xCO2,r7i1p1f1,Amon,rsdt,gr,gs://cmip6/CMIP/IPSL/IPSL-CM6A-LR/abrupt-4xCO2/r7i1p1f1/Amon/rsdt/gr/,
26432,CMIP,IPSL,IPSL-CM6A-LR,abrupt-4xCO2,r7i1p1f1,CFday,rsdt,gr,gs://cmip6/CMIP/IPSL/IPSL-CM6A-LR/abrupt-4xCO2/r7i1p1f1/CFday/rsdt/gr/,
26486,CMIP,IPSL,IPSL-CM6A-LR,abrupt-4xCO2,r8i1p1f1,Amon,rsdt,gr,gs://cmip6/CMIP/IPSL/IPSL-CM6A-LR/abrupt-4xCO2/r8i1p1f1/Amon/rsdt/gr/,
26503,CMIP,IPSL,IPSL-CM6A-LR,abrupt-4xCO2,r8i1p1f1,CFday,rsdt,gr,gs://cmip6/CMIP/IPSL/IPSL-CM6A-LR/abrupt-4xCO2/r8i1p1f1/CFday/rsdt/gr/,
26557,CMIP,IPSL,IPSL-CM6A-LR,abrupt-4xCO2,r9i1p1f1,Amon,rsdt,gr,gs://cmip6/CMIP/IPSL/IPSL-CM6A-LR/abrupt-4xCO2/r9i1p1f1/Amon/rsdt/gr/,
26574,CMIP,IPSL,IPSL-CM6A-LR,abrupt-4xCO2,r9i1p1f1,CFday,rsdt,gr,gs://cmip6/CMIP/IPSL/IPSL-CM6A-LR/abrupt-4xCO2/r9i1p1f1/CFday/rsdt/gr/,
25759,CMIP,IPSL,IPSL-CM6A-LR,abrupt-4xCO2,r10i1p1f1,Amon,rlut,gr,gs://cmip6/CMIP/IPSL/IPSL-CM6A-LR/abrupt-4xCO2/r10i1p1f1/Amon/rlut/gr/,
25814,CMIP,IPSL,IPSL-CM6A-LR,abrupt-4xCO2,r10i1p1f1,day,rlut,gr,gs://cmip6/CMIP/IPSL/IPSL-CM6A-LR/abrupt-4xCO2/r10i1p1f1/day/rlut/gr/,
25832,CMIP,IPSL,IPSL-CM6A-LR,abrupt-4xCO2,r11i1p1f1,Amon,rlut,gr,gs://cmip6/CMIP/IPSL/IPSL-CM6A-LR/abrupt-4xCO2/r11i1p1f1/Amon/rlut/gr/,
25903,CMIP,IPSL,IPSL-CM6A-LR,abrupt-4xCO2,r12i1p1f1,Amon,rlut,gr,gs://cmip6/CMIP/IPSL/IPSL-CM6A-LR/abrupt-4xCO2/r12i1p1f1/Amon/rlut/gr/,
25972,CMIP,IPSL,IPSL-CM6A-LR,abrupt-4xCO2,r1i1p1f1,Amon,rlut,gr,gs://cmip6/CMIP/IPSL/IPSL-CM6A-LR/abrupt-4xCO2/r1i1p1f1/Amon/rlut/gr/,
26057,CMIP,IPSL,IPSL-CM6A-LR,abrupt-4xCO2,r2i1p1f1,Amon,rlut,gr,gs://cmip6/CMIP/IPSL/IPSL-CM6A-LR/abrupt-4xCO2/r2i1p1f1/Amon/rlut/gr/,
26128,CMIP,IPSL,IPSL-CM6A-LR,abrupt-4xCO2,r3i1p1f1,Amon,rlut,gr,gs://cmip6/CMIP/IPSL/IPSL-CM6A-LR/abrupt-4xCO2/r3i1p1f1/Amon/rlut/gr/,
26199,CMIP,IPSL,IPSL-CM6A-LR,abrupt-4xCO2,r4i1p1f1,Amon,rlut,gr,gs://cmip6/CMIP/IPSL/IPSL-CM6A-LR/abrupt-4xCO2/r4i1p1f1/Amon/rlut/gr/,
26270,CMIP,IPSL,IPSL-CM6A-LR,abrupt-4xCO2,r5i1p1f1,Amon,rlut,gr,gs://cmip6/CMIP/IPSL/IPSL-CM6A-LR/abrupt-4xCO2/r5i1p1f1/Amon/rlut/gr/,
26341,CMIP,IPSL,IPSL-CM6A-LR,abrupt-4xCO2,r6i1p1f1,Amon,rlut,gr,gs://cmip6/CMIP/IPSL/IPSL-CM6A-LR/abrupt-4xCO2/r6i1p1f1/Amon/rlut/gr/,
26412,CMIP,IPSL,IPSL-CM6A-LR,abrupt-4xCO2,r7i1p1f1,Amon,rlut,gr,gs://cmip6/CMIP/IPSL/IPSL-CM6A-LR/abrupt-4xCO2/r7i1p1f1/Amon/rlut/gr/,
26483,CMIP,IPSL,IPSL-CM6A-LR,abrupt-4xCO2,r8i1p1f1,Amon,rlut,gr,gs://cmip6/CMIP/IPSL/IPSL-CM6A-LR/abrupt-4xCO2/r8i1p1f1/Amon/rlut/gr/,
26554,CMIP,IPSL,IPSL-CM6A-LR,abrupt-4xCO2,r9i1p1f1,Amon,rlut,gr,gs://cmip6/CMIP/IPSL/IPSL-CM6A-LR/abrupt-4xCO2/r9i1p1f1/Amon/rlut/gr/,
25764,CMIP,IPSL,IPSL-CM6A-LR,abrupt-4xCO2,r10i1p1f1,Amon,rsut,gr,gs://cmip6/CMIP/IPSL/IPSL-CM6A-LR/abrupt-4xCO2/r10i1p1f1/Amon/rsut/gr/,
25837,CMIP,IPSL,IPSL-CM6A-LR,abrupt-4xCO2,r11i1p1f1,Amon,rsut,gr,gs://cmip6/CMIP/IPSL/IPSL-CM6A-LR/abrupt-4xCO2/r11i1p1f1/Amon/rsut/gr/,
25908,CMIP,IPSL,IPSL-CM6A-LR,abrupt-4xCO2,r12i1p1f1,Amon,rsut,gr,gs://cmip6/CMIP/IPSL/IPSL-CM6A-LR/abrupt-4xCO2/r12i1p1f1/Amon/rsut/gr/,
25977,CMIP,IPSL,IPSL-CM6A-LR,abrupt-4xCO2,r1i1p1f1,Amon,rsut,gr,gs://cmip6/CMIP/IPSL/IPSL-CM6A-LR/abrupt-4xCO2/r1i1p1f1/Amon/rsut/gr/,
26062,CMIP,IPSL,IPSL-CM6A-LR,abrupt-4xCO2,r2i1p1f1,Amon,rsut,gr,gs://cmip6/CMIP/IPSL/IPSL-CM6A-LR/abrupt-4xCO2/r2i1p1f1/Amon/rsut/gr/,
26133,CMIP,IPSL,IPSL-CM6A-LR,abrupt-4xCO2,r3i1p1f1,Amon,rsut,gr,gs://cmip6/CMIP/IPSL/IPSL-CM6A-LR/abrupt-4xCO2/r3i1p1f1/Amon/rsut/gr/,
26204,CMIP,IPSL,IPSL-CM6A-LR,abrupt-4xCO2,r4i1p1f1,Amon,rsut,gr,gs://cmip6/CMIP/IPSL/IPSL-CM6A-LR/abrupt-4xCO2/r4i1p1f1/Amon/rsut/gr/,
26275,CMIP,IPSL,IPSL-CM6A-LR,abrupt-4xCO2,r5i1p1f1,Amon,rsut,gr,gs://cmip6/CMIP/IPSL/IPSL-CM6A-LR/abrupt-4xCO2/r5i1p1f1/Amon/rsut/gr/,
26346,CMIP,IPSL,IPSL-CM6A-LR,abrupt-4xCO2,r6i1p1f1,Amon,rsut,gr,gs://cmip6/CMIP/IPSL/IPSL-CM6A-LR/abrupt-4xCO2/r6i1p1f1/Amon/rsut/gr/,
26417,CMIP,IPSL,IPSL-CM6A-LR,abrupt-4xCO2,r7i1p1f1,Amon,rsut,gr,gs://cmip6/CMIP/IPSL/IPSL-CM6A-LR/abrupt-4xCO2/r7i1p1f1/Amon/rsut/gr/,
26488,CMIP,IPSL,IPSL-CM6A-LR,abrupt-4xCO2,r8i1p1f1,Amon,rsut,gr,gs://cmip6/CMIP/IPSL/IPSL-CM6A-LR/abrupt-4xCO2/r8i1p1f1/Amon/rsut/gr/,
26559,CMIP,IPSL,IPSL-CM6A-LR,abrupt-4xCO2,r9i1p1f1,Amon,rsut,gr,gs://cmip6/CMIP/IPSL/IPSL-CM6A-LR/abrupt-4xCO2/r9i1p1f1/Amon/rsut/gr/,
32366,CMIP,IPSL,IPSL-CM6A-LR,piControl,r1i1p1f1,Amon,rsdt,gr,gs://cmip6/CMIP/IPSL/IPSL-CM6A-LR/piControl/r1i1p1f1/Amon/rsdt/gr/,
32449,CMIP,IPSL,IPSL-CM6A-LR,piControl,r1i2p1f1,Amon,rsdt,gr,gs://cmip6/CMIP/IPSL/IPSL-CM6A-LR/piControl/r1i2p1f1/Amon/rsdt/gr/,
32362,CMIP,IPSL,IPSL-CM6A-LR,piControl,r1i1p1f1,Amon,rlut,gr,gs://cmip6/CMIP/IPSL/IPSL-CM6A-LR/piControl/r1i1p1f1/Amon/rlut/gr/,
32446,CMIP,IPSL,IPSL-CM6A-LR,piControl,r1i2p1f1,Amon,rlut,gr,gs://cmip6/CMIP/IPSL/IPSL-CM6A-LR/piControl/r1i2p1f1/Amon/rlut/gr/,
32369,CMIP,IPSL,IPSL-CM6A-LR,piControl,r1i1p1f1,Amon,rsut,gr,gs://cmip6/CMIP/IPSL/IPSL-CM6A-LR/piControl/r1i1p1f1/Amon/rsut/gr/,
32451,CMIP,IPSL,IPSL-CM6A-LR,piControl,r1i2p1f1,Amon,rsut,gr,gs://cmip6/CMIP/IPSL/IPSL-CM6A-LR/piControl/r1i2p1f1/Amon/rsut/gr/,
33111,CMIP,MIROC,MIROC-ES2L,piControl,r1i1p1f2,Amon,rsdt,gn,gs://cmip6/CMIP/MIROC/MIROC-ES2L/piControl/r1i1p1f2/Amon/rsdt/gn/,
33107,CMIP,MIROC,MIROC-ES2L,piControl,r1i1p1f2,Amon,rlut,gn,gs://cmip6/CMIP/MIROC/MIROC-ES2L/piControl/r1i1p1f2/Amon/rlut/gn/,
33114,CMIP,MIROC,MIROC-ES2L,piControl,r1i1p1f2,Amon,rsut,gn,gs://cmip6/CMIP/MIROC/MIROC-ES2L/piControl/r1i1p1f2/Amon/rsut/gn/,
34545,CMIP,MIROC,MIROC6,piControl,r1i1p1f1,Amon,rsdt,gn,gs://cmip6/CMIP/MIROC/MIROC6/piControl/r1i1p1f1/Amon/rsdt/gn/,
34541,CMIP,MIROC,MIROC6,piControl,r1i1p1f1,Amon,rlut,gn,gs://cmip6/CMIP/MIROC/MIROC6/piControl/r1i1p1f1/Amon/rlut/gn/,
34548,CMIP,MIROC,MIROC6,piControl,r1i1p1f1,Amon,rsut,gn,gs://cmip6/CMIP/MIROC/MIROC6/piControl/r1i1p1f1/Amon/rsut/gn/,
25180,CMIP,HAMMOZ-Consortium,MPI-ESM-1-2-HAM,piControl,r1i1p1f1,Amon,rsdt,gn,gs://cmip6/CMIP/HAMMOZ-Consortium/MPI-ESM-1-2-HAM/piControl/r1i1p1f1/Amon/rsdt/gn/,
25176,CMIP,HAMMOZ-Consortium,MPI-ESM-1-2-HAM,piControl,r1i1p1f1,Amon,rlut,gn,gs://cmip6/CMIP/HAMMOZ-Consortium/MPI-ESM-1-2-HAM/piControl/r1i1p1f1/Amon/rlut/gn/,
25183,CMIP,HAMMOZ-Consortium,MPI-ESM-1-2-HAM,piControl,r1i1p1f1,Amon,rsut,gn,gs://cmip6/CMIP/HAMMOZ-Consortium/MPI-ESM-1-2-HAM/piControl/r1i1p1f1/Amon/rsut/gn/,
37619,CMIP,MPI-M,MPI-ESM1-2-HR,1pctCO2,r1i1p1f1,Amon,rsdt,gn,gs://cmip6/CMIP/MPI-M/MPI-ESM1-2-HR/1pctCO2/r1i1p1f1/Amon/rsdt/gn/,
37617,CMIP,MPI-M,MPI-ESM1-2-HR,1pctCO2,r1i1p1f1,Amon,rlut,gn,gs://cmip6/CMIP/MPI-M/MPI-ESM1-2-HR/1pctCO2/r1i1p1f1/Amon/rlut/gn/,
37620,CMIP,MPI-M,MPI-ESM1-2-HR,1pctCO2,r1i1p1f1,Amon,rsut,gn,gs://cmip6/CMIP/MPI-M/MPI-ESM1-2-HR/1pctCO2/r1i1p1f1/Amon/rsut/gn/,
38604,CMIP,MPI-M,MPI-ESM1-2-HR,piControl,r1i1p1f1,Amon,rsdt,gn,gs://cmip6/CMIP/MPI-M/MPI-ESM1-2-HR/piControl/r1i1p1f1/Amon/rsdt/gn/,
38600,CMIP,MPI-M,MPI-ESM1-2-HR,piControl,r1i1p1f1,Amon,rlut,gn,gs://cmip6/CMIP/MPI-M/MPI-ESM1-2-HR/piControl/r1i1p1f1/Amon/rlut/gn/,
38607,CMIP,MPI-M,MPI-ESM1-2-HR,piControl,r1i1p1f1,Amon,rsut,gn,gs://cmip6/CMIP/MPI-M/MPI-ESM1-2-HR/piControl/r1i1p1f1/Amon/rsut/gn/,
38683,CMIP,MPI-M,MPI-ESM1-2-LR,1pctCO2,r1i1p1f1,Amon,rsdt,gn,gs://cmip6/CMIP/MPI-M/MPI-ESM1-2-LR/1pctCO2/r1i1p1f1/Amon/rsdt/gn/,
38681,CMIP,MPI-M,MPI-ESM1-2-LR,1pctCO2,r1i1p1f1,Amon,rlut,gn,gs://cmip6/CMIP/MPI-M/MPI-ESM1-2-LR/1pctCO2/r1i1p1f1/Amon/rlut/gn/,
38684,CMIP,MPI-M,MPI-ESM1-2-LR,1pctCO2,r1i1p1f1,Amon,rsut,gn,gs://cmip6/CMIP/MPI-M/MPI-ESM1-2-LR/1pctCO2/r1i1p1f1/Amon/rsut/gn/,
39601,CMIP,MPI-M,MPI-ESM1-2-LR,piControl,r1i1p1f1,Amon,rsdt,gn,gs://cmip6/CMIP/MPI-M/MPI-ESM1-2-LR/piControl/r1i1p1f1/Amon/rsdt/gn/,
39597,CMIP,MPI-M,MPI-ESM1-2-LR,piControl,r1i1p1f1,Amon,rlut,gn,gs://cmip6/CMIP/MPI-M/MPI-ESM1-2-LR/piControl/r1i1p1f1/Amon/rlut/gn/,
39604,CMIP,MPI-M,MPI-ESM1-2-LR,piControl,r1i1p1f1,Amon,rsut,gn,gs://cmip6/CMIP/MPI-M/MPI-ESM1-2-LR/piControl/r1i1p1f1/Amon/rsut/gn/,
39641,CMIP,MRI,MRI-ESM2-0,1pctCO2,r1i1p1f1,Amon,rsdt,gn,gs://cmip6/CMIP/MRI/MRI-ESM2-0/1pctCO2/r1i1p1f1/Amon/rsdt/gn/,
39690,CMIP,MRI,MRI-ESM2-0,1pctCO2,r1i2p1f1,Amon,rsdt,gn,gs://cmip6/CMIP/MRI/MRI-ESM2-0/1pctCO2/r1i2p1f1/Amon/rsdt/gn/,
39638,CMIP,MRI,MRI-ESM2-0,1pctCO2,r1i1p1f1,Amon,rlut,gn,gs://cmip6/CMIP/MRI/MRI-ESM2-0/1pctCO2/r1i1p1f1/Amon/rlut/gn/,
39682,CMIP,MRI,MRI-ESM2-0,1pctCO2,r1i1p1f1,day,rlut,gn,gs://cmip6/CMIP/MRI/MRI-ESM2-0/1pctCO2/r1i1p1f1/day/rlut/gn/,
39689,CMIP,MRI,MRI-ESM2-0,1pctCO2,r1i2p1f1,Amon,rlut,gn,gs://cmip6/CMIP/MRI/MRI-ESM2-0/1pctCO2/r1i2p1f1/Amon/rlut/gn/,
39643,CMIP,MRI,MRI-ESM2-0,1pctCO2,r1i1p1f1,Amon,rsut,gn,gs://cmip6/CMIP/MRI/MRI-ESM2-0/1pctCO2/r1i1p1f1/Amon/rsut/gn/,
39691,CMIP,MRI,MRI-ESM2-0,1pctCO2,r1i2p1f1,Amon,rsut,gn,gs://cmip6/CMIP/MRI/MRI-ESM2-0/1pctCO2/r1i2p1f1/Amon/rsut/gn/,
41188,CMIP,MRI,MRI-ESM2-0,piControl,r1i1p1f1,Amon,rsdt,gn,gs://cmip6/CMIP/MRI/MRI-ESM2-0/piControl/r1i1p1f1/Amon/rsdt/gn/,
41267,CMIP,MRI,MRI-ESM2-0,piControl,r1i2p1f1,Amon,rsdt,gn,gs://cmip6/CMIP/MRI/MRI-ESM2-0/piControl/r1i2p1f1/Amon/rsdt/gn/,
41184,CMIP,MRI,MRI-ESM2-0,piControl,r1i1p1f1,Amon,rlut,gn,gs://cmip6/CMIP/MRI/MRI-ESM2-0/piControl/r1i1p1f1/Amon/rlut/gn/,
41266,CMIP,MRI,MRI-ESM2-0,piControl,r1i2p1f1,Amon,rlut,gn,gs://cmip6/CMIP/MRI/MRI-ESM2-0/piControl/r1i2p1f1/Amon/rlut/gn/,
41191,CMIP,MRI,MRI-ESM2-0,piControl,r1i1p1f1,Amon,rsut,gn,gs://cmip6/CMIP/MRI/MRI-ESM2-0/piControl/r1i1p1f1/Amon/rsut/gn/,
41268,CMIP,MRI,MRI-ESM2-0,piControl,r1i2p1f1,Amon,rsut,gn,gs://cmip6/CMIP/MRI/MRI-ESM2-0/piControl/r1i2p1f1/Amon/rsut/gn/,
55926,CMIP,NUIST,NESM3,1pctCO2,r1i1p1f1,Amon,rsdt,gn,gs://cmip6/CMIP/NUIST/NESM3/1pctCO2/r1i1p1f1/Amon/rsdt/gn/,
55923,CMIP,NUIST,NESM3,1pctCO2,r1i1p1f1,Amon,rlut,gn,gs://cmip6/CMIP/NUIST/NESM3/1pctCO2/r1i1p1f1/Amon/rlut/gn/,
55928,CMIP,NUIST,NESM3,1pctCO2,r1i1p1f1,Amon,rsut,gn,gs://cmip6/CMIP/NUIST/NESM3/1pctCO2/r1i1p1f1/Amon/rsut/gn/,
56396,CMIP,NUIST,NESM3,piControl,r1i1p1f1,Amon,rsdt,gn,gs://cmip6/CMIP/NUIST/NESM3/piControl/r1i1p1f1/Amon/rsdt/gn/,
56393,CMIP,NUIST,NESM3,piControl,r1i1p1f1,Amon,rlut,gn,gs://cmip6/CMIP/NUIST/NESM3/piControl/r1i1p1f1/Amon/rlut/gn/,
56398,CMIP,NUIST,NESM3,piControl,r1i1p1f1,Amon,rsut,gn,gs://cmip6/CMIP/NUIST/NESM3/piControl/r1i1p1f1/Amon/rsut/gn/,
53798,CMIP,NCC,NorCPM1,piControl,r1i1p1f1,Amon,rsdt,gn,gs://cmip6/CMIP/NCC/NorCPM1/piControl/r1i1p1f1/Amon/rsdt/gn/,
53820,CMIP,NCC,NorCPM1,piControl,r2i1p1f1,Amon,rsdt,gn,gs://cmip6/CMIP/NCC/NorCPM1/piControl/r2i1p1f1/Amon/rsdt/gn/,
53836,CMIP,NCC,NorCPM1,piControl,r3i1p1f1,Amon,rsdt,gn,gs://cmip6/CMIP/NCC/NorCPM1/piControl/r3i1p1f1/Amon/rsdt/gn/,
53794,CMIP,NCC,NorCPM1,piControl,r1i1p1f1,Amon,rlut,gn,gs://cmip6/CMIP/NCC/NorCPM1/piControl/r1i1p1f1/Amon/rlut/gn/,
53819,CMIP,NCC,NorCPM1,piControl,r2i1p1f1,Amon,rlut,gn,gs://cmip6/CMIP/NCC/NorCPM1/piControl/r2i1p1f1/Amon/rlut/gn/,
53835,CMIP,NCC,NorCPM1,piControl,r3i1p1f1,Amon,rlut,gn,gs://cmip6/CMIP/NCC/NorCPM1/piControl/r3i1p1f1/Amon/rlut/gn/,
53801,CMIP,NCC,NorCPM1,piControl,r1i1p1f1,Amon,rsut,gn,gs://cmip6/CMIP/NCC/NorCPM1/piControl/r1i1p1f1/Amon/rsut/gn/,
53821,CMIP,NCC,NorCPM1,piControl,r2i1p1f1,Amon,rsut,gn,gs://cmip6/CMIP/NCC/NorCPM1/piControl/r2i1p1f1/Amon/rsut/gn/,
53837,CMIP,NCC,NorCPM1,piControl,r3i1p1f1,Amon,rsut,gn,gs://cmip6/CMIP/NCC/NorCPM1/piControl/r3i1p1f1/Amon/rsut/gn/,
54274,CMIP,NCC,NorESM2-LM,piControl,r1i1p1f1,Amon,rsdt,gn,gs://cmip6/CMIP/NCC/NorESM2-LM/piControl/r1i1p1f1/Amon/rsdt/gn/,
54270,CMIP,NCC,NorESM2-LM,piControl,r1i1p1f1,Amon,rlut,gn,gs://cmip6/CMIP/NCC/NorESM2-LM/piControl/r1i1p1f1/Amon/rlut/gn/,
54277,CMIP,NCC,NorESM2-LM,piControl,r1i1p1f1,Amon,rsut,gn,gs://cmip6/CMIP/NCC/NorESM2-LM/piControl/r1i1p1f1/Amon/rsut/gn/,
54420,CMIP,NCC,NorESM2-MM,piControl,r1i1p1f1,Amon,rsdt,gn,gs://cmip6/CMIP/NCC/NorESM2-MM/piControl/r1i1p1f1/Amon/rsdt/gn/,
54416,CMIP,NCC,NorESM2-MM,piControl,r1i1p1f1,Amon,rlut,gn,gs://cmip6/CMIP/NCC/NorESM2-MM/piControl/r1i1p1f1/Amon/rlut/gn/,
54423,CMIP,NCC,NorESM2-MM,piControl,r1i1p1f1,Amon,rsut,gn,gs://cmip6/CMIP/NCC/NorESM2-MM/piControl/r1i1p1f1/Amon/rsut/gn/,
37540,CMIP,MOHC,UKESM1-0-LL,piControl,r1i1p1f2,Amon,rsdt,gn,gs://cmip6/CMIP/MOHC/UKESM1-0-LL/piControl/r1i1p1f2/Amon/rsdt/gn/,
37536,CMIP,MOHC,UKESM1-0-LL,piControl,r1i1p1f2,Amon,rlut,gn,gs://cmip6/CMIP/MOHC/UKESM1-0-LL/piControl/r1i1p1f2/Amon/rlut/gn/,
37543,CMIP,MOHC,UKESM1-0-LL,piControl,r1i1p1f2,Amon,rsut,gn,gs://cmip6/CMIP/MOHC/UKESM1-0-LL/piControl/r1i1p1f2/Amon/rsut/gn/,
22541,CMIP,CSIRO-ARCCSS,ACCESS-CM2,piControl,r1i1p1f1,Omon,hfds,gn,gs://cmip6/CMIP/CSIRO-ARCCSS/ACCESS-CM2/piControl/r1i1p1f1/Omon/hfds/gn/,
23091,CMIP,CSIRO,ACCESS-ESM1-5,piControl,r1i1p1f1,Omon,hfds,gn,gs://cmip6/CMIP/CSIRO/ACCESS-ESM1-5/piControl/r1i1p1f1/Omon/hfds/gn/,
5619,CMIP,AWI,AWI-CM-1-1-MR,piControl,r1i1p1f1,Omon,hfds,gn,gs://cmip6/CMIP/AWI/AWI-CM-1-1-MR/piControl/r1i1p1f1/Omon/hfds/gn/,
7350,CMIP,CAMS,CAMS-CSM1-0,piControl,r1i1p1f1,Omon,hfds,gn,gs://cmip6/CMIP/CAMS/CAMS-CSM1-0/piControl/r1i1p1f1/Omon/hfds/gn/,
52690,CMIP,NCAR,CESM2,piControl,r1i1p1f1,Omon,hfds,gn,gs://cmip6/CMIP/NCAR/CESM2/piControl/r1i1p1f1/Omon/hfds/gn/,
52691,CMIP,NCAR,CESM2,piControl,r1i1p1f1,Omon,hfds,gr,gs://cmip6/CMIP/NCAR/CESM2/piControl/r1i1p1f1/Omon/hfds/gr/,
46672,CMIP,NCAR,CESM2-FV2,piControl,r1i1p1f1,Omon,hfds,gn,gs://cmip6/CMIP/NCAR/CESM2-FV2/piControl/r1i1p1f1/Omon/hfds/gn/,
46673,CMIP,NCAR,CESM2-FV2,piControl,r1i1p1f1,Omon,hfds,gr,gs://cmip6/CMIP/NCAR/CESM2-FV2/piControl/r1i1p1f1/Omon/hfds/gr/,
48879,CMIP,NCAR,CESM2-WACCM,piControl,r1i1p1f1,Omon,hfds,gn,gs://cmip6/CMIP/NCAR/CESM2-WACCM/piControl/r1i1p1f1/Omon/hfds/gn/,
48880,CMIP,NCAR,CESM2-WACCM,piControl,r1i1p1f1,Omon,hfds,gr,gs://cmip6/CMIP/NCAR/CESM2-WACCM/piControl/r1i1p1f1/Omon/hfds/gr/,
47280,CMIP,NCAR,CESM2-WACCM-FV2,piControl,r1i1p1f1,Omon,hfds,gn,gs://cmip6/CMIP/NCAR/CESM2-WACCM-FV2/piControl/r1i1p1f1/Omon/hfds/gn/,
47281,CMIP,NCAR,CESM2-WACCM-FV2,piControl,r1i1p1f1,Omon,hfds,gr,gs://cmip6/CMIP/NCAR/CESM2-WACCM-FV2/piControl/r1i1p1f1/Omon/hfds/gr/,
20125,CMIP,CNRM-CERFACS,CNRM-CM6-1,piControl,r1i1p1f2,Omon,hfds,gn,gs://cmip6/CMIP/CNRM-CERFACS/CNRM-CM6-1/piControl/r1i1p1f2/Omon/hfds/gn/,
16316,CMIP,CNRM-CERFACS,CNRM-CM6-1-HR,piControl,r1i1p1f2,Omon,hfds,gn,gs://cmip6/CMIP/CNRM-CERFACS/CNRM-CM6-1-HR/piControl/r1i1p1f2/Omon/hfds/gn/,
22188,CMIP,CNRM-CERFACS,CNRM-ESM2-1,piControl,r1i1p1f2,Omon,hfds,gn,gs://cmip6/CMIP/CNRM-CERFACS/CNRM-ESM2-1/piControl/r1i1p1f2/Omon/hfds/gn/,
16004,CMIP,CCCma,CanESM5,piControl,r1i1p1f1,Omon,hfds,gn,gs://cmip6/CMIP/CCCma/CanESM5/piControl/r1i1p1f1/Omon/hfds/gn/,
16108,CMIP,CCCma,CanESM5,piControl,r1i1p2f1,Omon,hfds,gn,gs://cmip6/CMIP/CCCma/CanESM5/piControl/r1i1p2f1/Omon/hfds/gn/,
23578,CMIP,E3SM-Project,E3SM-1-0,piControl,r1i1p1f1,Omon,hfds,gr,gs://cmip6/CMIP/E3SM-Project/E3SM-1-0/piControl/r1i1p1f1/Omon/hfds/gr/,
23757,CMIP,E3SM-Project,E3SM-1-1,piControl,r1i1p1f1,Omon,hfds,gr,gs://cmip6/CMIP/E3SM-Project/E3SM-1-1/piControl/r1i1p1f1/Omon/hfds/gr/,
24807,CMIP,EC-Earth-Consortium,EC-Earth3,piControl,r1i1p1f1,Omon,hfds,gn,gs://cmip6/CMIP/EC-Earth-Consortium/EC-Earth3/piControl/r1i1p1f1/Omon/hfds/gn/,
24267,CMIP,EC-Earth-Consortium,EC-Earth3-Veg,piControl,r1i1p1f1,Omon,hfds,gn,gs://cmip6/CMIP/EC-Earth-Consortium/EC-Earth3-Veg/piControl/r1i1p1f1/Omon/hfds/gn/,
55198,CMIP,NOAA-GFDL,GFDL-CM4,piControl,r1i1p1f1,Omon,hfds,gn,gs://cmip6/CMIP/NOAA-GFDL/GFDL-CM4/piControl/r1i1p1f1/Omon/hfds/gn/,
55199,CMIP,NOAA-GFDL,GFDL-CM4,piControl,r1i1p1f1,Omon,hfds,gr,gs://cmip6/CMIP/NOAA-GFDL/GFDL-CM4/piControl/r1i1p1f1/Omon/hfds/gr/,
55835,CMIP,NOAA-GFDL,GFDL-ESM4,piControl,r1i1p1f1,Omon,hfds,gn,gs://cmip6/CMIP/NOAA-GFDL/GFDL-ESM4/piControl/r1i1p1f1/Omon/hfds/gn/,
55836,CMIP,NOAA-GFDL,GFDL-ESM4,piControl,r1i1p1f1,Omon,hfds,gr,gs://cmip6/CMIP/NOAA-GFDL/GFDL-ESM4/piControl/r1i1p1f1/Omon/hfds/gr/,
44337,CMIP,NASA-GISS,GISS-E2-1-G,piControl,r101i1p1f1,Omon,hfds,gn,gs://cmip6/CMIP/NASA-GISS/GISS-E2-1-G/piControl/r101i1p1f1/Omon/hfds/gn/,
44409,CMIP,NASA-GISS,GISS-E2-1-G,piControl,r102i1p1f1,Omon,hfds,gn,gs://cmip6/CMIP/NASA-GISS/GISS-E2-1-G/piControl/r102i1p1f1/Omon/hfds/gn/,
44482,CMIP,NASA-GISS,GISS-E2-1-G,piControl,r1i1p1f1,Omon,hfds,gn,gs://cmip6/CMIP/NASA-GISS/GISS-E2-1-G/piControl/r1i1p1f1/Omon/hfds/gn/,
44547,CMIP,NASA-GISS,GISS-E2-1-G,piControl,r1i1p1f2,Omon,hfds,gn,gs://cmip6/CMIP/NASA-GISS/GISS-E2-1-G/piControl/r1i1p1f2/Omon/hfds/gn/,
44610,CMIP,NASA-GISS,GISS-E2-1-G,piControl,r1i1p1f3,Omon,hfds,gn,gs://cmip6/CMIP/NASA-GISS/GISS-E2-1-G/piControl/r1i1p1f3/Omon/hfds/gn/,
44708,CMIP,NASA-GISS,GISS-E2-1-G,piControl,r2i1p1f1,Omon,hfds,gn,gs://cmip6/CMIP/NASA-GISS/GISS-E2-1-G/piControl/r2i1p1f1/Omon/hfds/gn/,
41476,CMIP,NASA-GISS,GISS-E2-1-G-CC,piControl,r1i1p1f1,Omon,hfds,gn,gs://cmip6/CMIP/NASA-GISS/GISS-E2-1-G-CC/piControl/r1i1p1f1/Omon/hfds/gn/,
46199,CMIP,NASA-GISS,GISS-E2-2-G,piControl,r1i1p1f1,Omon,hfds,gn,gs://cmip6/CMIP/NASA-GISS/GISS-E2-2-G/piControl/r1i1p1f1/Omon/hfds/gn/,
35552,CMIP,MOHC,HadGEM3-GC31-LL,piControl,r1i1p1f1,Omon,hfds,gn,gs://cmip6/CMIP/MOHC/HadGEM3-GC31-LL/piControl/r1i1p1f1/Omon/hfds/gn/,
35761,CMIP,MOHC,HadGEM3-GC31-MM,piControl,r1i1p1f1,Omon,hfds,gn,gs://cmip6/CMIP/MOHC/HadGEM3-GC31-MM/piControl/r1i1p1f1/Omon/hfds/gn/,
32512,CMIP,IPSL,IPSL-CM6A-LR,piControl,r1i2p1f1,Omon,hfds,gn,gs://cmip6/CMIP/IPSL/IPSL-CM6A-LR/piControl/r1i2p1f1/Omon/hfds/gn/,
57004,CMIP,UA,MCM-UA-1-0,piControl,r1i1p1f1,Omon,hfds,gn,gs://cmip6/CMIP/UA/MCM-UA-1-0/piControl/r1i1p1f1/Omon/hfds/gn/,
25211,CMIP,HAMMOZ-Consortium,MPI-ESM-1-2-HAM,piControl,r1i1p1f1,Omon,hfds,gn,gs://cmip6/CMIP/HAMMOZ-Consortium/MPI-ESM-1-2-HAM/piControl/r1i1p1f1/Omon/hfds/gn/,
38632,CMIP,MPI-M,MPI-ESM1-2-HR,piControl,r1i1p1f1,Omon,hfds,gn,gs://cmip6/CMIP/MPI-M/MPI-ESM1-2-HR/piControl/r1i1p1f1/Omon/hfds/gn/,
41217,CMIP,MRI,MRI-ESM2-0,piControl,r1i1p1f1,Omon,hfds,gn,gs://cmip6/CMIP/MRI/MRI-ESM2-0/piControl/r1i1p1f1/Omon/hfds/gn/,
56412,CMIP,NUIST,NESM3,piControl,r1i1p1f1,Omon,hfds,gn,gs://cmip6/CMIP/NUIST/NESM3/piControl/r1i1p1f1/Omon/hfds/gn/,
5620,CMIP,AWI,AWI-CM-1-1-MR,piControl,r1i1p1f1,Omon,mlotst,gn,gs://cmip6/CMIP/AWI/AWI-CM-1-1-MR/piControl/r1i1p1f1/Omon/mlotst/gn/,
16318,CMIP,CNRM-CERFACS,CNRM-CM6-1-HR,piControl,r1i1p1f2,Omon,mlotst,gn,gs://cmip6/CMIP/CNRM-CERFACS/CNRM-CM6-1-HR/piControl/r1i1p1f2/Omon/mlotst/gn/,
23579,CMIP,E3SM-Project,E3SM-1-0,piControl,r1i1p1f1,Omon,mlotst,gr,gs://cmip6/CMIP/E3SM-Project/E3SM-1-0/piControl/r1i1p1f1/Omon/mlotst/gr/,
55201,CMIP,NOAA-GFDL,GFDL-CM4,piControl,r1i1p1f1,Omon,mlotst,gr,gs://cmip6/CMIP/NOAA-GFDL/GFDL-CM4/piControl/r1i1p1f1/Omon/mlotst/gr/,
46120,CMIP,NASA-GISS,GISS-E2-2-G,1pctCO2,r1i1p1f1,Omon,mlotst,gn,gs://cmip6/CMIP/NASA-GISS/GISS-E2-2-G/1pctCO2/r1i1p1f1/Omon/mlotst/gn/,
22269,CMIP,CSIRO-ARCCSS,ACCESS-CM2,1pctCO2,r1i1p1f1,Amon,tas,gn,gs://cmip6/CMIP/CSIRO-ARCCSS/ACCESS-CM2/1pctCO2/r1i1p1f1/Amon/tas/gn/,
22325,CMIP,CSIRO-ARCCSS,ACCESS-CM2,abrupt-4xCO2,r1i1p1f1,Amon,tas,gn,gs://cmip6/CMIP/CSIRO-ARCCSS/ACCESS-CM2/abrupt-4xCO2/r1i1p1f1/Amon/tas/gn/,
22523,CMIP,CSIRO-ARCCSS,ACCESS-CM2,piControl,r1i1p1f1,Amon,tas,gn,gs://cmip6/CMIP/CSIRO-ARCCSS/ACCESS-CM2/piControl/r1i1p1f1/Amon/tas/gn/,
22584,CMIP,CSIRO,ACCESS-ESM1-5,1pctCO2,r1i1p1f1,Amon,tas,gn,gs://cmip6/CMIP/CSIRO/ACCESS-ESM1-5/1pctCO2/r1i1p1f1/Amon/tas/gn/,
22655,CMIP,CSIRO,ACCESS-ESM1-5,abrupt-4xCO2,r1i1p1f1,Amon,tas,gn,gs://cmip6/CMIP/CSIRO/ACCESS-ESM1-5/abrupt-4xCO2/r1i1p1f1/Amon/tas/gn/,
23070,CMIP,CSIRO,ACCESS-ESM1-5,piControl,r1i1p1f1,Amon,tas,gn,gs://cmip6/CMIP/CSIRO/ACCESS-ESM1-5/piControl/r1i1p1f1/Amon/tas/gn/,
5342,CMIP,AWI,AWI-CM-1-1-MR,1pctCO2,r1i1p1f1,Amon,tas,gn,gs://cmip6/CMIP/AWI/AWI-CM-1-1-MR/1pctCO2/r1i1p1f1/Amon/tas/gn/,
5380,CMIP,AWI,AWI-CM-1-1-MR,abrupt-4xCO2,r1i1p1f1,Amon,tas,gn,gs://cmip6/CMIP/AWI/AWI-CM-1-1-MR/abrupt-4xCO2/r1i1p1f1/Amon/tas/gn/,
5640,CMIP,AWI,AWI-CM-1-1-MR,piControl,r1i1p1f1,day,tas,gn,gs://cmip6/CMIP/AWI/AWI-CM-1-1-MR/piControl/r1i1p1f1/day/tas/gn/,
5696,CMIP,BCC,BCC-CSM2-MR,1pctCO2,r1i1p1f1,Amon,tas,gn,gs://cmip6/CMIP/BCC/BCC-CSM2-MR/1pctCO2/r1i1p1f1/Amon/tas/gn/,
5749,CMIP,BCC,BCC-CSM2-MR,abrupt-4xCO2,r1i1p1f1,Amon,tas,gn,gs://cmip6/CMIP/BCC/BCC-CSM2-MR/abrupt-4xCO2/r1i1p1f1/Amon/tas/gn/,
6453,CMIP,BCC,BCC-CSM2-MR,piControl,r1i1p1f1,Amon,tas,gn,gs://cmip6/CMIP/BCC/BCC-CSM2-MR/piControl/r1i1p1f1/Amon/tas/gn/,
6508,CMIP,BCC,BCC-ESM1,1pctCO2,r1i1p1f1,Amon,tas,gn,gs://cmip6/CMIP/BCC/BCC-ESM1/1pctCO2/r1i1p1f1/Amon/tas/gn/,
6558,CMIP,BCC,BCC-ESM1,abrupt-4xCO2,r1i1p1f1,Amon,tas,gn,gs://cmip6/CMIP/BCC/BCC-ESM1/abrupt-4xCO2/r1i1p1f1/Amon/tas/gn/,
6961,CMIP,BCC,BCC-ESM1,piControl,r1i1p1f1,Amon,tas,gn,gs://cmip6/CMIP/BCC/BCC-ESM1/piControl/r1i1p1f1/Amon/tas/gn/,
7014,CMIP,CAMS,CAMS-CSM1-0,1pctCO2,r1i1p1f1,Amon,tas,gn,gs://cmip6/CMIP/CAMS/CAMS-CSM1-0/1pctCO2/r1i1p1f1/Amon/tas/gn/,
7049,CMIP,CAMS,CAMS-CSM1-0,1pctCO2,r2i1p1f1,Amon,tas,gn,gs://cmip6/CMIP/CAMS/CAMS-CSM1-0/1pctCO2/r2i1p1f1/Amon/tas/gn/,
7088,CMIP,CAMS,CAMS-CSM1-0,abrupt-4xCO2,r1i1p1f1,Amon,tas,gn,gs://cmip6/CMIP/CAMS/CAMS-CSM1-0/abrupt-4xCO2/r1i1p1f1/Amon/tas/gn/,
7122,CMIP,CAMS,CAMS-CSM1-0,abrupt-4xCO2,r2i1p1f1,Amon,tas,gn,gs://cmip6/CMIP/CAMS/CAMS-CSM1-0/abrupt-4xCO2/r2i1p1f1/Amon/tas/gn/,
7339,CMIP,CAMS,CAMS-CSM1-0,piControl,r1i1p1f1,Amon,tas,gn,gs://cmip6/CMIP/CAMS/CAMS-CSM1-0/piControl/r1i1p1f1/Amon/tas/gn/,
49013,CMIP,NCAR,CESM2,1pctCO2,r1i1p1f1,Amon,tas,gn,gs://cmip6/CMIP/NCAR/CESM2/1pctCO2/r1i1p1f1/Amon/tas/gn/,
49235,CMIP,NCAR,CESM2,abrupt-4xCO2,r1i1p1f1,Amon,tas,gn,gs://cmip6/CMIP/NCAR/CESM2/abrupt-4xCO2/r1i1p1f1/Amon/tas/gn/,
52652,CMIP,NCAR,CESM2,piControl,r1i1p1f1,Amon,tas,gn,gs://cmip6/CMIP/NCAR/CESM2/piControl/r1i1p1f1/Amon/tas/gn/,
52786,CMIP,NCAR,CESM2,piControl,r1i1p1f1,day,tas,gn,gs://cmip6/CMIP/NCAR/CESM2/piControl/r1i1p1f1/day/tas/gn/,
46229,CMIP,NCAR,CESM2-FV2,1pctCO2,r1i1p1f1,Amon,tas,gn,gs://cmip6/CMIP/NCAR/CESM2-FV2/1pctCO2/r1i1p1f1/Amon/tas/gn/,
46642,CMIP,NCAR,CESM2-FV2,piControl,r1i1p1f1,Amon,tas,gn,gs://cmip6/CMIP/NCAR/CESM2-FV2/piControl/r1i1p1f1/Amon/tas/gn/,
46761,CMIP,NCAR,CESM2-FV2,piControl,r1i1p1f1,day,tas,gn,gs://cmip6/CMIP/NCAR/CESM2-FV2/piControl/r1i1p1f1/day/tas/gn/,
47431,CMIP,NCAR,CESM2-WACCM,1pctCO2,r1i1p1f1,Amon,tas,gn,gs://cmip6/CMIP/NCAR/CESM2-WACCM/1pctCO2/r1i1p1f1/Amon/tas/gn/,
47649,CMIP,NCAR,CESM2-WACCM,abrupt-4xCO2,r1i1p1f1,Amon,tas,gn,gs://cmip6/CMIP/NCAR/CESM2-WACCM/abrupt-4xCO2/r1i1p1f1/Amon/tas/gn/,
48808,CMIP,NCAR,CESM2-WACCM,piControl,r1i1p1f1,Amon,tas,gn,gs://cmip6/CMIP/NCAR/CESM2-WACCM/piControl/r1i1p1f1/Amon/tas/gn/,
48986,CMIP,NCAR,CESM2-WACCM,piControl,r1i1p1f1,day,tas,gn,gs://cmip6/CMIP/NCAR/CESM2-WACCM/piControl/r1i1p1f1/day/tas/gn/,
46773,CMIP,NCAR,CESM2-WACCM-FV2,1pctCO2,r1i1p1f1,Amon,tas,gn,gs://cmip6/CMIP/NCAR/CESM2-WACCM-FV2/1pctCO2/r1i1p1f1/Amon/tas/gn/,
47184,CMIP,NCAR,CESM2-WACCM-FV2,piControl,r1i1p1f1,Amon,tas,gn,gs://cmip6/CMIP/NCAR/CESM2-WACCM-FV2/piControl/r1i1p1f1/Amon/tas/gn/,
47403,CMIP,NCAR,CESM2-WACCM-FV2,piControl,r1i1p1f1,day,tas,gn,gs://cmip6/CMIP/NCAR/CESM2-WACCM-FV2/piControl/r1i1p1f1/day/tas/gn/,
16368,CMIP,CNRM-CERFACS,CNRM-CM6-1,1pctCO2,r1i1p1f2,Amon,tas,gr,gs://cmip6/CMIP/CNRM-CERFACS/CNRM-CM6-1/1pctCO2/r1i1p1f2/Amon/tas/gr/,
16441,CMIP,CNRM-CERFACS,CNRM-CM6-1,abrupt-4xCO2,r1i1p1f2,Amon,tas,gr,gs://cmip6/CMIP/CNRM-CERFACS/CNRM-CM6-1/abrupt-4xCO2/r1i1p1f2/Amon/tas/gr/,
16509,CMIP,CNRM-CERFACS,CNRM-CM6-1,abrupt-4xCO2,r2i1p1f2,Amon,tas,gr,gs://cmip6/CMIP/CNRM-CERFACS/CNRM-CM6-1/abrupt-4xCO2/r2i1p1f2/Amon/tas/gr/,
16572,CMIP,CNRM-CERFACS,CNRM-CM6-1,abrupt-4xCO2,r3i1p1f2,Amon,tas,gr,gs://cmip6/CMIP/CNRM-CERFACS/CNRM-CM6-1/abrupt-4xCO2/r3i1p1f2/Amon/tas/gr/,
16635,CMIP,CNRM-CERFACS,CNRM-CM6-1,abrupt-4xCO2,r4i1p1f2,Amon,tas,gr,gs://cmip6/CMIP/CNRM-CERFACS/CNRM-CM6-1/abrupt-4xCO2/r4i1p1f2/Amon/tas/gr/,
16698,CMIP,CNRM-CERFACS,CNRM-CM6-1,abrupt-4xCO2,r5i1p1f2,Amon,tas,gr,gs://cmip6/CMIP/CNRM-CERFACS/CNRM-CM6-1/abrupt-4xCO2/r5i1p1f2/Amon/tas/gr/,
16761,CMIP,CNRM-CERFACS,CNRM-CM6-1,abrupt-4xCO2,r6i1p1f2,Amon,tas,gr,gs://cmip6/CMIP/CNRM-CERFACS/CNRM-CM6-1/abrupt-4xCO2/r6i1p1f2/Amon/tas/gr/,
20105,CMIP,CNRM-CERFACS,CNRM-CM6-1,piControl,r1i1p1f2,Amon,tas,gr,gs://cmip6/CMIP/CNRM-CERFACS/CNRM-CM6-1/piControl/r1i1p1f2/Amon/tas/gr/,
20155,CMIP,CNRM-CERFACS,CNRM-CM6-1,piControl,r1i1p1f2,day,tas,gr,gs://cmip6/CMIP/CNRM-CERFACS/CNRM-CM6-1/piControl/r1i1p1f2/day/tas/gr/,
16219,CMIP,CNRM-CERFACS,CNRM-CM6-1-HR,abrupt-4xCO2,r1i1p1f2,Amon,tas,gr,gs://cmip6/CMIP/CNRM-CERFACS/CNRM-CM6-1-HR/abrupt-4xCO2/r1i1p1f2/Amon/tas/gr/,
16312,CMIP,CNRM-CERFACS,CNRM-CM6-1-HR,piControl,r1i1p1f2,Amon,tas,gr,gs://cmip6/CMIP/CNRM-CERFACS/CNRM-CM6-1-HR/piControl/r1i1p1f2/Amon/tas/gr/,
16339,CMIP,CNRM-CERFACS,CNRM-CM6-1-HR,piControl,r1i1p1f2,day,tas,gr,gs://cmip6/CMIP/CNRM-CERFACS/CNRM-CM6-1-HR/piControl/r1i1p1f2/day/tas/gr/,
20187,CMIP,CNRM-CERFACS,CNRM-ESM2-1,1pctCO2,r1i1p1f2,Amon,tas,gr,gs://cmip6/CMIP/CNRM-CERFACS/CNRM-ESM2-1/1pctCO2/r1i1p1f2/Amon/tas/gr/,
20282,CMIP,CNRM-CERFACS,CNRM-ESM2-1,1pctCO2,r2i1p1f2,Amon,tas,gr,gs://cmip6/CMIP/CNRM-CERFACS/CNRM-ESM2-1/1pctCO2/r2i1p1f2/Amon/tas/gr/,
20372,CMIP,CNRM-CERFACS,CNRM-ESM2-1,1pctCO2,r3i1p1f2,Amon,tas,gr,gs://cmip6/CMIP/CNRM-CERFACS/CNRM-ESM2-1/1pctCO2/r3i1p1f2/Amon/tas/gr/,
20462,CMIP,CNRM-CERFACS,CNRM-ESM2-1,1pctCO2,r4i1p1f2,Amon,tas,gr,gs://cmip6/CMIP/CNRM-CERFACS/CNRM-ESM2-1/1pctCO2/r4i1p1f2/Amon/tas/gr/,
20553,CMIP,CNRM-CERFACS,CNRM-ESM2-1,abrupt-4xCO2,r1i1p1f2,Amon,tas,gr,gs://cmip6/CMIP/CNRM-CERFACS/CNRM-ESM2-1/abrupt-4xCO2/r1i1p1f2/Amon/tas/gr/,
20631,CMIP,CNRM-CERFACS,CNRM-ESM2-1,abrupt-4xCO2,r2i1p1f2,Amon,tas,gr,gs://cmip6/CMIP/CNRM-CERFACS/CNRM-ESM2-1/abrupt-4xCO2/r2i1p1f2/Amon/tas/gr/,
20704,CMIP,CNRM-CERFACS,CNRM-ESM2-1,abrupt-4xCO2,r3i1p1f2,Amon,tas,gr,gs://cmip6/CMIP/CNRM-CERFACS/CNRM-ESM2-1/abrupt-4xCO2/r3i1p1f2/Amon/tas/gr/,
22142,CMIP,CNRM-CERFACS,CNRM-ESM2-1,piControl,r1i1p1f2,Amon,tas,gr,gs://cmip6/CMIP/CNRM-CERFACS/CNRM-ESM2-1/piControl/r1i1p1f2/Amon/tas/gr/,
22250,CMIP,CNRM-CERFACS,CNRM-ESM2-1,piControl,r1i1p1f2,day,tas,gr,gs://cmip6/CMIP/CNRM-CERFACS/CNRM-ESM2-1/piControl/r1i1p1f2/day/tas/gr/,
8048,CMIP,CCCma,CanESM5,1pctCO2,r1i1p1f1,Amon,tas,gn,gs://cmip6/CMIP/CCCma/CanESM5/1pctCO2/r1i1p1f1/Amon/tas/gn/,
8140,CMIP,CCCma,CanESM5,1pctCO2,r1i1p2f1,Amon,tas,gn,gs://cmip6/CMIP/CCCma/CanESM5/1pctCO2/r1i1p2f1/Amon/tas/gn/,
8227,CMIP,CCCma,CanESM5,1pctCO2,r2i1p1f1,Amon,tas,gn,gs://cmip6/CMIP/CCCma/CanESM5/1pctCO2/r2i1p1f1/Amon/tas/gn/,
8301,CMIP,CCCma,CanESM5,1pctCO2,r2i1p2f1,Amon,tas,gn,gs://cmip6/CMIP/CCCma/CanESM5/1pctCO2/r2i1p2f1/Amon/tas/gn/,
8374,CMIP,CCCma,CanESM5,1pctCO2,r3i1p1f1,Amon,tas,gn,gs://cmip6/CMIP/CCCma/CanESM5/1pctCO2/r3i1p1f1/Amon/tas/gn/,
8447,CMIP,CCCma,CanESM5,1pctCO2,r3i1p2f1,Amon,tas,gn,gs://cmip6/CMIP/CCCma/CanESM5/1pctCO2/r3i1p2f1/Amon/tas/gn/,
8521,CMIP,CCCma,CanESM5,abrupt-4xCO2,r1i1p1f1,Amon,tas,gn,gs://cmip6/CMIP/CCCma/CanESM5/abrupt-4xCO2/r1i1p1f1/Amon/tas/gn/,
8618,CMIP,CCCma,CanESM5,abrupt-4xCO2,r1i1p2f1,Amon,tas,gn,gs://cmip6/CMIP/CCCma/CanESM5/abrupt-4xCO2/r1i1p2f1/Amon/tas/gn/,
15973,CMIP,CCCma,CanESM5,piControl,r1i1p1f1,Amon,tas,gn,gs://cmip6/CMIP/CCCma/CanESM5/piControl/r1i1p1f1/Amon/tas/gn/,
16050,CMIP,CCCma,CanESM5,piControl,r1i1p1f1,day,tas,gn,gs://cmip6/CMIP/CCCma/CanESM5/piControl/r1i1p1f1/day/tas/gn/,
16080,CMIP,CCCma,CanESM5,piControl,r1i1p2f1,Amon,tas,gn,gs://cmip6/CMIP/CCCma/CanESM5/piControl/r1i1p2f1/Amon/tas/gn/,
16150,CMIP,CCCma,CanESM5,piControl,r1i1p2f1,day,tas,gn,gs://cmip6/CMIP/CCCma/CanESM5/piControl/r1i1p2f1/day/tas/gn/,
23157,CMIP,E3SM-Project,E3SM-1-0,1pctCO2,r1i1p1f1,Amon,tas,gr,gs://cmip6/CMIP/E3SM-Project/E3SM-1-0/1pctCO2/r1i1p1f1/Amon/tas/gr/,
23205,CMIP,E3SM-Project,E3SM-1-0,abrupt-4xCO2,r1i1p1f1,Amon,tas,gr,gs://cmip6/CMIP/E3SM-Project/E3SM-1-0/abrupt-4xCO2/r1i1p1f1/Amon/tas/gr/,
23563,CMIP,E3SM-Project,E3SM-1-0,piControl,r1i1p1f1,Amon,tas,gr,gs://cmip6/CMIP/E3SM-Project/E3SM-1-0/piControl/r1i1p1f1/Amon/tas/gr/,
23746,CMIP,E3SM-Project,E3SM-1-1,piControl,r1i1p1f1,Amon,tas,gr,gs://cmip6/CMIP/E3SM-Project/E3SM-1-1/piControl/r1i1p1f1/Amon/tas/gr/,
24319,CMIP,EC-Earth-Consortium,EC-Earth3,abrupt-4xCO2,r8i1p1f1,Amon,tas,gr,gs://cmip6/CMIP/EC-Earth-Consortium/EC-Earth3/abrupt-4xCO2/r8i1p1f1/Amon/tas/gr/,
24790,CMIP,EC-Earth-Consortium,EC-Earth3,piControl,r1i1p1f1,Amon,tas,gr,gs://cmip6/CMIP/EC-Earth-Consortium/EC-Earth3/piControl/r1i1p1f1/Amon/tas/gr/,
24827,CMIP,EC-Earth-Consortium,EC-Earth3,piControl,r1i1p1f1,day,tas,gr,gs://cmip6/CMIP/EC-Earth-Consortium/EC-Earth3/piControl/r1i1p1f1/day/tas/gr/,
23854,CMIP,EC-Earth-Consortium,EC-Earth3-Veg,1pctCO2,r1i1p1f1,Amon,tas,gr,gs://cmip6/CMIP/EC-Earth-Consortium/EC-Earth3-Veg/1pctCO2/r1i1p1f1/Amon/tas/gr/,
23915,CMIP,EC-Earth-Consortium,EC-Earth3-Veg,abrupt-4xCO2,r1i1p1f1,Amon,tas,gr,gs://cmip6/CMIP/EC-Earth-Consortium/EC-Earth3-Veg/abrupt-4xCO2/r1i1p1f1/Amon/tas/gr/,
24250,CMIP,EC-Earth-Consortium,EC-Earth3-Veg,piControl,r1i1p1f1,Amon,tas,gr,gs://cmip6/CMIP/EC-Earth-Consortium/EC-Earth3-Veg/piControl/r1i1p1f1/Amon/tas/gr/,
24293,CMIP,EC-Earth-Consortium,EC-Earth3-Veg,piControl,r1i1p1f1,day,tas,gr,gs://cmip6/CMIP/EC-Earth-Consortium/EC-Earth3-Veg/piControl/r1i1p1f1/day/tas/gr/,
7694,CMIP,CAS,FGOALS-g3,piControl,r1i1p1f1,Amon,tas,gn,gs://cmip6/CMIP/CAS/FGOALS-g3/piControl/r1i1p1f1/Amon/tas/gn/,
24939,CMIP,FIO-QLNM,FIO-ESM-2-0,piControl,r1i1p1f1,Amon,tas,gn,gs://cmip6/CMIP/FIO-QLNM/FIO-ESM-2-0/piControl/r1i1p1f1/Amon/tas/gn/,
24952,CMIP,FIO-QLNM,FIO-ESM-2-0,piControl,r1i1p1f1,day,tas,gn,gs://cmip6/CMIP/FIO-QLNM/FIO-ESM-2-0/piControl/r1i1p1f1/day/tas/gn/,
54694,CMIP,NOAA-GFDL,GFDL-CM4,1pctCO2,r1i1p1f1,Amon,tas,gr1,gs://cmip6/CMIP/NOAA-GFDL/GFDL-CM4/1pctCO2/r1i1p1f1/Amon/tas/gr1/,
54798,CMIP,NOAA-GFDL,GFDL-CM4,abrupt-4xCO2,r1i1p1f1,Amon,tas,gr1,gs://cmip6/CMIP/NOAA-GFDL/GFDL-CM4/abrupt-4xCO2/r1i1p1f1/Amon/tas/gr1/,
55162,CMIP,NOAA-GFDL,GFDL-CM4,piControl,r1i1p1f1,Amon,tas,gr1,gs://cmip6/CMIP/NOAA-GFDL/GFDL-CM4/piControl/r1i1p1f1/Amon/tas/gr1/,
55251,CMIP,NOAA-GFDL,GFDL-CM4,piControl,r1i1p1f1,day,tas,gr1,gs://cmip6/CMIP/NOAA-GFDL/GFDL-CM4/piControl/r1i1p1f1/day/tas/gr1/,
55252,CMIP,NOAA-GFDL,GFDL-CM4,piControl,r1i1p1f1,day,tas,gr2,gs://cmip6/CMIP/NOAA-GFDL/GFDL-CM4/piControl/r1i1p1f1/day/tas/gr2/,
55286,CMIP,NOAA-GFDL,GFDL-ESM4,1pctCO2,r1i1p1f1,Amon,tas,gr1,gs://cmip6/CMIP/NOAA-GFDL/GFDL-ESM4/1pctCO2/r1i1p1f1/Amon/tas/gr1/,
55402,CMIP,NOAA-GFDL,GFDL-ESM4,abrupt-4xCO2,r1i1p1f1,Amon,tas,gr1,gs://cmip6/CMIP/NOAA-GFDL/GFDL-ESM4/abrupt-4xCO2/r1i1p1f1/Amon/tas/gr1/,
55797,CMIP,NOAA-GFDL,GFDL-ESM4,piControl,r1i1p1f1,Amon,tas,gr1,gs://cmip6/CMIP/NOAA-GFDL/GFDL-ESM4/piControl/r1i1p1f1/Amon/tas/gr1/,
55906,CMIP,NOAA-GFDL,GFDL-ESM4,piControl,r1i1p1f1,day,tas,gr1,gs://cmip6/CMIP/NOAA-GFDL/GFDL-ESM4/piControl/r1i1p1f1/day/tas/gr1/,
41542,CMIP,NASA-GISS,GISS-E2-1-G,1pctCO2,r101i1p1f1,Amon,tas,gn,gs://cmip6/CMIP/NASA-GISS/GISS-E2-1-G/1pctCO2/r101i1p1f1/Amon/tas/gn/,
41595,CMIP,NASA-GISS,GISS-E2-1-G,1pctCO2,r102i1p1f1,Amon,tas,gn,gs://cmip6/CMIP/NASA-GISS/GISS-E2-1-G/1pctCO2/r102i1p1f1/Amon/tas/gn/,
41664,CMIP,NASA-GISS,GISS-E2-1-G,1pctCO2,r1i1p1f1,Amon,tas,gn,gs://cmip6/CMIP/NASA-GISS/GISS-E2-1-G/1pctCO2/r1i1p1f1/Amon/tas/gn/,
41717,CMIP,NASA-GISS,GISS-E2-1-G,1pctCO2,r1i1p3f1,Amon,tas,gn,gs://cmip6/CMIP/NASA-GISS/GISS-E2-1-G/1pctCO2/r1i1p3f1/Amon/tas/gn/,
41786,CMIP,NASA-GISS,GISS-E2-1-G,abrupt-4xCO2,r102i1p1f1,Amon,tas,gn,gs://cmip6/CMIP/NASA-GISS/GISS-E2-1-G/abrupt-4xCO2/r102i1p1f1/Amon/tas/gn/,
41823,CMIP,NASA-GISS,GISS-E2-1-G,abrupt-4xCO2,r1i1p1f1,Amon,tas,gn,gs://cmip6/CMIP/NASA-GISS/GISS-E2-1-G/abrupt-4xCO2/r1i1p1f1/Amon/tas/gn/,
41882,CMIP,NASA-GISS,GISS-E2-1-G,abrupt-4xCO2,r1i1p1f3,Amon,tas,gn,gs://cmip6/CMIP/NASA-GISS/GISS-E2-1-G/abrupt-4xCO2/r1i1p1f3/Amon/tas/gn/,
41916,CMIP,NASA-GISS,GISS-E2-1-G,abrupt-4xCO2,r1i1p3f1,Amon,tas,gn,gs://cmip6/CMIP/NASA-GISS/GISS-E2-1-G/abrupt-4xCO2/r1i1p3f1/Amon/tas/gn/,
44316,CMIP,NASA-GISS,GISS-E2-1-G,piControl,r101i1p1f1,Amon,tas,gn,gs://cmip6/CMIP/NASA-GISS/GISS-E2-1-G/piControl/r101i1p1f1/Amon/tas/gn/,
44388,CMIP,NASA-GISS,GISS-E2-1-G,piControl,r102i1p1f1,Amon,tas,gn,gs://cmip6/CMIP/NASA-GISS/GISS-E2-1-G/piControl/r102i1p1f1/Amon/tas/gn/,
44460,CMIP,NASA-GISS,GISS-E2-1-G,piControl,r1i1p1f1,Amon,tas,gn,gs://cmip6/CMIP/NASA-GISS/GISS-E2-1-G/piControl/r1i1p1f1/Amon/tas/gn/,
44532,CMIP,NASA-GISS,GISS-E2-1-G,piControl,r1i1p1f2,Amon,tas,gn,gs://cmip6/CMIP/NASA-GISS/GISS-E2-1-G/piControl/r1i1p1f2/Amon/tas/gn/,
44595,CMIP,NASA-GISS,GISS-E2-1-G,piControl,r1i1p1f3,Amon,tas,gn,gs://cmip6/CMIP/NASA-GISS/GISS-E2-1-G/piControl/r1i1p1f3/Amon/tas/gn/,
44649,CMIP,NASA-GISS,GISS-E2-1-G,piControl,r1i1p3f1,Amon,tas,gn,gs://cmip6/CMIP/NASA-GISS/GISS-E2-1-G/piControl/r1i1p3f1/Amon/tas/gn/,
44694,CMIP,NASA-GISS,GISS-E2-1-G,piControl,r2i1p1f1,Amon,tas,gn,gs://cmip6/CMIP/NASA-GISS/GISS-E2-1-G/piControl/r2i1p1f1/Amon/tas/gn/,
41429,CMIP,NASA-GISS,GISS-E2-1-G-CC,piControl,r1i1p1f1,Amon,tas,gn,gs://cmip6/CMIP/NASA-GISS/GISS-E2-1-G-CC/piControl/r1i1p1f1/Amon/tas/gn/,
46110,CMIP,NASA-GISS,GISS-E2-2-G,1pctCO2,r1i1p1f1,Amon,tas,gn,gs://cmip6/CMIP/NASA-GISS/GISS-E2-2-G/1pctCO2/r1i1p1f1/Amon/tas/gn/,
46186,CMIP,NASA-GISS,GISS-E2-2-G,piControl,r1i1p1f1,Amon,tas,gn,gs://cmip6/CMIP/NASA-GISS/GISS-E2-2-G/piControl/r1i1p1f1/Amon/tas/gn/,
34611,CMIP,MOHC,HadGEM3-GC31-LL,1pctCO2,r1i1p1f3,Amon,tas,gn,gs://cmip6/CMIP/MOHC/HadGEM3-GC31-LL/1pctCO2/r1i1p1f3/Amon/tas/gn/,
34682,CMIP,MOHC,HadGEM3-GC31-LL,1pctCO2,r2i1p1f3,Amon,tas,gn,gs://cmip6/CMIP/MOHC/HadGEM3-GC31-LL/1pctCO2/r2i1p1f3/Amon/tas/gn/,
34731,CMIP,MOHC,HadGEM3-GC31-LL,1pctCO2,r3i1p1f3,Amon,tas,gn,gs://cmip6/CMIP/MOHC/HadGEM3-GC31-LL/1pctCO2/r3i1p1f3/Amon/tas/gn/,
34777,CMIP,MOHC,HadGEM3-GC31-LL,1pctCO2,r4i1p1f3,Amon,tas,gn,gs://cmip6/CMIP/MOHC/HadGEM3-GC31-LL/1pctCO2/r4i1p1f3/Amon/tas/gn/,
34824,CMIP,MOHC,HadGEM3-GC31-LL,abrupt-4xCO2,r1i1p1f3,Amon,tas,gn,gs://cmip6/CMIP/MOHC/HadGEM3-GC31-LL/abrupt-4xCO2/r1i1p1f3/Amon/tas/gn/,
35530,CMIP,MOHC,HadGEM3-GC31-LL,piControl,r1i1p1f1,Amon,tas,gn,gs://cmip6/CMIP/MOHC/HadGEM3-GC31-LL/piControl/r1i1p1f1/Amon/tas/gn/,
35584,CMIP,MOHC,HadGEM3-GC31-LL,piControl,r1i1p1f1,day,tas,gn,gs://cmip6/CMIP/MOHC/HadGEM3-GC31-LL/piControl/r1i1p1f1/day/tas/gn/,
35597,CMIP,MOHC,HadGEM3-GC31-MM,1pctCO2,r1i1p1f3,Amon,tas,gn,gs://cmip6/CMIP/MOHC/HadGEM3-GC31-MM/1pctCO2/r1i1p1f3/Amon/tas/gn/,
35608,CMIP,MOHC,HadGEM3-GC31-MM,abrupt-4xCO2,r1i1p1f3,Amon,tas,gn,gs://cmip6/CMIP/MOHC/HadGEM3-GC31-MM/abrupt-4xCO2/r1i1p1f3/Amon/tas/gn/,
35749,CMIP,MOHC,HadGEM3-GC31-MM,piControl,r1i1p1f1,Amon,tas,gn,gs://cmip6/CMIP/MOHC/HadGEM3-GC31-MM/piControl/r1i1p1f1/Amon/tas/gn/,
25268,CMIP,INM,INM-CM4-8,1pctCO2,r1i1p1f1,Amon,tas,gr1,gs://cmip6/CMIP/INM/INM-CM4-8/1pctCO2/r1i1p1f1/Amon/tas/gr1/,
25300,CMIP,INM,INM-CM4-8,abrupt-4xCO2,r1i1p1f1,Amon,tas,gr1,gs://cmip6/CMIP/INM/INM-CM4-8/abrupt-4xCO2/r1i1p1f1/Amon/tas/gr1/,
25398,CMIP,INM,INM-CM4-8,piControl,r1i1p1f1,Amon,tas,gr1,gs://cmip6/CMIP/INM/INM-CM4-8/piControl/r1i1p1f1/Amon/tas/gr1/,
25551,CMIP,INM,INM-CM5-0,piControl,r1i1p1f1,Amon,tas,gr1,gs://cmip6/CMIP/INM/INM-CM5-0/piControl/r1i1p1f1/Amon/tas/gr1/,
25597,CMIP,IPSL,IPSL-CM6A-LR,1pctCO2,r1i1p1f1,Amon,tas,gr,gs://cmip6/CMIP/IPSL/IPSL-CM6A-LR/1pctCO2/r1i1p1f1/Amon/tas/gr/,
25767,CMIP,IPSL,IPSL-CM6A-LR,abrupt-4xCO2,r10i1p1f1,Amon,tas,gr,gs://cmip6/CMIP/IPSL/IPSL-CM6A-LR/abrupt-4xCO2/r10i1p1f1/Amon/tas/gr/,
25840,CMIP,IPSL,IPSL-CM6A-LR,abrupt-4xCO2,r11i1p1f1,Amon,tas,gr,gs://cmip6/CMIP/IPSL/IPSL-CM6A-LR/abrupt-4xCO2/r11i1p1f1/Amon/tas/gr/,
25911,CMIP,IPSL,IPSL-CM6A-LR,abrupt-4xCO2,r12i1p1f1,Amon,tas,gr,gs://cmip6/CMIP/IPSL/IPSL-CM6A-LR/abrupt-4xCO2/r12i1p1f1/Amon/tas/gr/,
25980,CMIP,IPSL,IPSL-CM6A-LR,abrupt-4xCO2,r1i1p1f1,Amon,tas,gr,gs://cmip6/CMIP/IPSL/IPSL-CM6A-LR/abrupt-4xCO2/r1i1p1f1/Amon/tas/gr/,
26065,CMIP,IPSL,IPSL-CM6A-LR,abrupt-4xCO2,r2i1p1f1,Amon,tas,gr,gs://cmip6/CMIP/IPSL/IPSL-CM6A-LR/abrupt-4xCO2/r2i1p1f1/Amon/tas/gr/,
26136,CMIP,IPSL,IPSL-CM6A-LR,abrupt-4xCO2,r3i1p1f1,Amon,tas,gr,gs://cmip6/CMIP/IPSL/IPSL-CM6A-LR/abrupt-4xCO2/r3i1p1f1/Amon/tas/gr/,
26207,CMIP,IPSL,IPSL-CM6A-LR,abrupt-4xCO2,r4i1p1f1,Amon,tas,gr,gs://cmip6/CMIP/IPSL/IPSL-CM6A-LR/abrupt-4xCO2/r4i1p1f1/Amon/tas/gr/,
26278,CMIP,IPSL,IPSL-CM6A-LR,abrupt-4xCO2,r5i1p1f1,Amon,tas,gr,gs://cmip6/CMIP/IPSL/IPSL-CM6A-LR/abrupt-4xCO2/r5i1p1f1/Amon/tas/gr/,
26349,CMIP,IPSL,IPSL-CM6A-LR,abrupt-4xCO2,r6i1p1f1,Amon,tas,gr,gs://cmip6/CMIP/IPSL/IPSL-CM6A-LR/abrupt-4xCO2/r6i1p1f1/Amon/tas/gr/,
26420,CMIP,IPSL,IPSL-CM6A-LR,abrupt-4xCO2,r7i1p1f1,Amon,tas,gr,gs://cmip6/CMIP/IPSL/IPSL-CM6A-LR/abrupt-4xCO2/r7i1p1f1/Amon/tas/gr/,
26491,CMIP,IPSL,IPSL-CM6A-LR,abrupt-4xCO2,r8i1p1f1,Amon,tas,gr,gs://cmip6/CMIP/IPSL/IPSL-CM6A-LR/abrupt-4xCO2/r8i1p1f1/Amon/tas/gr/,
26562,CMIP,IPSL,IPSL-CM6A-LR,abrupt-4xCO2,r9i1p1f1,Amon,tas,gr,gs://cmip6/CMIP/IPSL/IPSL-CM6A-LR/abrupt-4xCO2/r9i1p1f1/Amon/tas/gr/,
32372,CMIP,IPSL,IPSL-CM6A-LR,piControl,r1i1p1f1,Amon,tas,gr,gs://cmip6/CMIP/IPSL/IPSL-CM6A-LR/piControl/r1i1p1f1/Amon/tas/gr/,
32454,CMIP,IPSL,IPSL-CM6A-LR,piControl,r1i2p1f1,Amon,tas,gr,gs://cmip6/CMIP/IPSL/IPSL-CM6A-LR/piControl/r1i2p1f1/Amon/tas/gr/,
32588,CMIP,IPSL,IPSL-CM6A-LR,piControl,r1i2p1f1,day,tas,gr,gs://cmip6/CMIP/IPSL/IPSL-CM6A-LR/piControl/r1i2p1f1/day/tas/gr/,
56854,CMIP,UA,MCM-UA-1-0,1pctCO2,r1i1p1f1,Amon,tas,gn,gs://cmip6/CMIP/UA/MCM-UA-1-0/1pctCO2/r1i1p1f1/Amon/tas/gn/,
56883,CMIP,UA,MCM-UA-1-0,abrupt-4xCO2,r1i1p1f1,Amon,tas,gn,gs://cmip6/CMIP/UA/MCM-UA-1-0/abrupt-4xCO2/r1i1p1f1/Amon/tas/gn/,
56991,CMIP,UA,MCM-UA-1-0,piControl,r1i1p1f1,Amon,tas,gn,gs://cmip6/CMIP/UA/MCM-UA-1-0/piControl/r1i1p1f1/Amon/tas/gn/,
32617,CMIP,MIROC,MIROC-ES2L,1pctCO2,r1i1p1f2,Amon,tas,gn,gs://cmip6/CMIP/MIROC/MIROC-ES2L/1pctCO2/r1i1p1f2/Amon/tas/gn/,
32699,CMIP,MIROC,MIROC-ES2L,abrupt-4xCO2,r1i1p1f2,Amon,tas,gn,gs://cmip6/CMIP/MIROC/MIROC-ES2L/abrupt-4xCO2/r1i1p1f2/Amon/tas/gn/,
33117,CMIP,MIROC,MIROC-ES2L,piControl,r1i1p1f2,Amon,tas,gn,gs://cmip6/CMIP/MIROC/MIROC-ES2L/piControl/r1i1p1f2/Amon/tas/gn/,
33179,CMIP,MIROC,MIROC-ES2L,piControl,r1i1p1f2,day,tas,gn,gs://cmip6/CMIP/MIROC/MIROC-ES2L/piControl/r1i1p1f2/day/tas/gn/,
33205,CMIP,MIROC,MIROC6,1pctCO2,r1i1p1f1,Amon,tas,gn,gs://cmip6/CMIP/MIROC/MIROC6/1pctCO2/r1i1p1f1/Amon/tas/gn/,
33263,CMIP,MIROC,MIROC6,abrupt-4xCO2,r1i1p1f1,Amon,tas,gn,gs://cmip6/CMIP/MIROC/MIROC6/abrupt-4xCO2/r1i1p1f1/Amon/tas/gn/,
34551,CMIP,MIROC,MIROC6,piControl,r1i1p1f1,Amon,tas,gn,gs://cmip6/CMIP/MIROC/MIROC6/piControl/r1i1p1f1/Amon/tas/gn/,
34584,CMIP,MIROC,MIROC6,piControl,r1i1p1f1,day,tas,gn,gs://cmip6/CMIP/MIROC/MIROC6/piControl/r1i1p1f1/day/tas/gn/,
25186,CMIP,HAMMOZ-Consortium,MPI-ESM-1-2-HAM,piControl,r1i1p1f1,Amon,tas,gn,gs://cmip6/CMIP/HAMMOZ-Consortium/MPI-ESM-1-2-HAM/piControl/r1i1p1f1/Amon/tas/gn/,
37623,CMIP,MPI-M,MPI-ESM1-2-HR,1pctCO2,r1i1p1f1,Amon,tas,gn,gs://cmip6/CMIP/MPI-M/MPI-ESM1-2-HR/1pctCO2/r1i1p1f1/Amon/tas/gn/,
37711,CMIP,MPI-M,MPI-ESM1-2-HR,abrupt-4xCO2,r1i1p1f1,Amon,tas,gn,gs://cmip6/CMIP/MPI-M/MPI-ESM1-2-HR/abrupt-4xCO2/r1i1p1f1/Amon/tas/gn/,
38610,CMIP,MPI-M,MPI-ESM1-2-HR,piControl,r1i1p1f1,Amon,tas,gn,gs://cmip6/CMIP/MPI-M/MPI-ESM1-2-HR/piControl/r1i1p1f1/Amon/tas/gn/,
38687,CMIP,MPI-M,MPI-ESM1-2-LR,1pctCO2,r1i1p1f1,Amon,tas,gn,gs://cmip6/CMIP/MPI-M/MPI-ESM1-2-LR/1pctCO2/r1i1p1f1/Amon/tas/gn/,
39607,CMIP,MPI-M,MPI-ESM1-2-LR,piControl,r1i1p1f1,Amon,tas,gn,gs://cmip6/CMIP/MPI-M/MPI-ESM1-2-LR/piControl/r1i1p1f1/Amon/tas/gn/,
39646,CMIP,MRI,MRI-ESM2-0,1pctCO2,r1i1p1f1,Amon,tas,gn,gs://cmip6/CMIP/MRI/MRI-ESM2-0/1pctCO2/r1i1p1f1/Amon/tas/gn/,
39693,CMIP,MRI,MRI-ESM2-0,1pctCO2,r1i2p1f1,Amon,tas,gn,gs://cmip6/CMIP/MRI/MRI-ESM2-0/1pctCO2/r1i2p1f1/Amon/tas/gn/,
39748,CMIP,MRI,MRI-ESM2-0,abrupt-4xCO2,r10i1p1f1,Amon,tas,gn,gs://cmip6/CMIP/MRI/MRI-ESM2-0/abrupt-4xCO2/r10i1p1f1/Amon/tas/gn/,
39805,CMIP,MRI,MRI-ESM2-0,abrupt-4xCO2,r11i1p1f1,Amon,tas,gn,gs://cmip6/CMIP/MRI/MRI-ESM2-0/abrupt-4xCO2/r11i1p1f1/Amon/tas/gn/,
39857,CMIP,MRI,MRI-ESM2-0,abrupt-4xCO2,r12i1p1f1,Amon,tas,gn,gs://cmip6/CMIP/MRI/MRI-ESM2-0/abrupt-4xCO2/r12i1p1f1/Amon/tas/gn/,
39909,CMIP,MRI,MRI-ESM2-0,abrupt-4xCO2,r13i1p1f1,Amon,tas,gn,gs://cmip6/CMIP/MRI/MRI-ESM2-0/abrupt-4xCO2/r13i1p1f1/Amon/tas/gn/,
39961,CMIP,MRI,MRI-ESM2-0,abrupt-4xCO2,r1i1p1f1,Amon,tas,gn,gs://cmip6/CMIP/MRI/MRI-ESM2-0/abrupt-4xCO2/r1i1p1f1/Amon/tas/gn/,
39998,CMIP,MRI,MRI-ESM2-0,abrupt-4xCO2,r1i2p1f1,Amon,tas,gn,gs://cmip6/CMIP/MRI/MRI-ESM2-0/abrupt-4xCO2/r1i2p1f1/Amon/tas/gn/,
40032,CMIP,MRI,MRI-ESM2-0,abrupt-4xCO2,r2i1p1f1,Amon,tas,gn,gs://cmip6/CMIP/MRI/MRI-ESM2-0/abrupt-4xCO2/r2i1p1f1/Amon/tas/gn/,
40084,CMIP,MRI,MRI-ESM2-0,abrupt-4xCO2,r3i1p1f1,Amon,tas,gn,gs://cmip6/CMIP/MRI/MRI-ESM2-0/abrupt-4xCO2/r3i1p1f1/Amon/tas/gn/,
40136,CMIP,MRI,MRI-ESM2-0,abrupt-4xCO2,r4i1p1f1,Amon,tas,gn,gs://cmip6/CMIP/MRI/MRI-ESM2-0/abrupt-4xCO2/r4i1p1f1/Amon/tas/gn/,
40188,CMIP,MRI,MRI-ESM2-0,abrupt-4xCO2,r5i1p1f1,Amon,tas,gn,gs://cmip6/CMIP/MRI/MRI-ESM2-0/abrupt-4xCO2/r5i1p1f1/Amon/tas/gn/,
40240,CMIP,MRI,MRI-ESM2-0,abrupt-4xCO2,r6i1p1f1,Amon,tas,gn,gs://cmip6/CMIP/MRI/MRI-ESM2-0/abrupt-4xCO2/r6i1p1f1/Amon/tas/gn/,
40292,CMIP,MRI,MRI-ESM2-0,abrupt-4xCO2,r7i1p1f1,Amon,tas,gn,gs://cmip6/CMIP/MRI/MRI-ESM2-0/abrupt-4xCO2/r7i1p1f1/Amon/tas/gn/,
40344,CMIP,MRI,MRI-ESM2-0,abrupt-4xCO2,r8i1p1f1,Amon,tas,gn,gs://cmip6/CMIP/MRI/MRI-ESM2-0/abrupt-4xCO2/r8i1p1f1/Amon/tas/gn/,
40396,CMIP,MRI,MRI-ESM2-0,abrupt-4xCO2,r9i1p1f1,Amon,tas,gn,gs://cmip6/CMIP/MRI/MRI-ESM2-0/abrupt-4xCO2/r9i1p1f1/Amon/tas/gn/,
41194,CMIP,MRI,MRI-ESM2-0,piControl,r1i1p1f1,Amon,tas,gn,gs://cmip6/CMIP/MRI/MRI-ESM2-0/piControl/r1i1p1f1/Amon/tas/gn/,
41251,CMIP,MRI,MRI-ESM2-0,piControl,r1i1p1f1,day,tas,gn,gs://cmip6/CMIP/MRI/MRI-ESM2-0/piControl/r1i1p1f1/day/tas/gn/,
41270,CMIP,MRI,MRI-ESM2-0,piControl,r1i2p1f1,Amon,tas,gn,gs://cmip6/CMIP/MRI/MRI-ESM2-0/piControl/r1i2p1f1/Amon/tas/gn/,
55931,CMIP,NUIST,NESM3,1pctCO2,r1i1p1f1,Amon,tas,gn,gs://cmip6/CMIP/NUIST/NESM3/1pctCO2/r1i1p1f1/Amon/tas/gn/,
55974,CMIP,NUIST,NESM3,abrupt-4xCO2,r1i1p1f1,Amon,tas,gn,gs://cmip6/CMIP/NUIST/NESM3/abrupt-4xCO2/r1i1p1f1/Amon/tas/gn/,
56401,CMIP,NUIST,NESM3,piControl,r1i1p1f1,Amon,tas,gn,gs://cmip6/CMIP/NUIST/NESM3/piControl/r1i1p1f1/Amon/tas/gn/,
52806,CMIP,NCC,NorCPM1,1pctCO2,r1i1p1f1,Amon,tas,gn,gs://cmip6/CMIP/NCC/NorCPM1/1pctCO2/r1i1p1f1/Amon/tas/gn/,
52851,CMIP,NCC,NorCPM1,abrupt-4xCO2,r1i1p1f1,Amon,tas,gn,gs://cmip6/CMIP/NCC/NorCPM1/abrupt-4xCO2/r1i1p1f1/Amon/tas/gn/,
53944,CMIP,NCC,NorESM2-LM,1pctCO2,r1i1p1f1,Amon,tas,gn,gs://cmip6/CMIP/NCC/NorESM2-LM/1pctCO2/r1i1p1f1/Amon/tas/gn/,
54308,CMIP,NCC,NorESM2-LM,piControl,r1i1p1f1,day,tas,gn,gs://cmip6/CMIP/NCC/NorESM2-LM/piControl/r1i1p1f1/day/tas/gn/,
35800,CMIP,MOHC,UKESM1-0-LL,1pctCO2,r1i1p1f2,Amon,tas,gn,gs://cmip6/CMIP/MOHC/UKESM1-0-LL/1pctCO2/r1i1p1f2/Amon/tas/gn/,
35874,CMIP,MOHC,UKESM1-0-LL,1pctCO2,r2i1p1f2,Amon,tas,gn,gs://cmip6/CMIP/MOHC/UKESM1-0-LL/1pctCO2/r2i1p1f2/Amon/tas/gn/,
35941,CMIP,MOHC,UKESM1-0-LL,1pctCO2,r3i1p1f2,Amon,tas,gn,gs://cmip6/CMIP/MOHC/UKESM1-0-LL/1pctCO2/r3i1p1f2/Amon/tas/gn/,
36009,CMIP,MOHC,UKESM1-0-LL,1pctCO2,r4i1p1f2,Amon,tas,gn,gs://cmip6/CMIP/MOHC/UKESM1-0-LL/1pctCO2/r4i1p1f2/Amon/tas/gn/,
36075,CMIP,MOHC,UKESM1-0-LL,abrupt-4xCO2,r1i1p1f2,Amon,tas,gn,gs://cmip6/CMIP/MOHC/UKESM1-0-LL/abrupt-4xCO2/r1i1p1f2/Amon/tas/gn/,
37546,CMIP,MOHC,UKESM1-0-LL,piControl,r1i1p1f2,Amon,tas,gn,gs://cmip6/CMIP/MOHC/UKESM1-0-LL/piControl/r1i1p1f2/Amon/tas/gn/,
37604,CMIP,MOHC,UKESM1-0-LL,piControl,r1i1p1f2,day,tas,gn,gs://cmip6/CMIP/MOHC/UKESM1-0-LL/piControl/r1i1p1f2/day/tas/gn/,
