,source_id,experiment_id,member_id,variable_id,file_name
0,FGOALS-g3,piControl,r1i1p1f1,ts,pangeo_data/FGOALS-g3_piControl_r1i1p1f1_ts.npy
1,MRI-ESM2-0,abrupt-4xCO2,r7i1p1f1,ts,pangeo_data/MRI-ESM2-0_abrupt-4xCO2_r7i1p1f1_ts.npy
2,NESM3,1pctCO2,r1i1p1f1,tos,pangeo_data/NESM3_1pctCO2_r1i1p1f1_tos.npy
3,CAMS-CSM1-0,abrupt-4xCO2,r2i1p1f1,rsdt,pangeo_data/CAMS-CSM1-0_abrupt-4xCO2_r2i1p1f1_rsdt.npy
4,BCC-CSM2-MR,piControl,r1i1p1f1,ts,pangeo_data/BCC-CSM2-MR_piControl_r1i1p1f1_ts.npy
5,NorCPM1,1pctCO2,r1i1p1f1,tos,pangeo_data/NorCPM1_1pctCO2_r1i1p1f1_tos.npy
6,GISS-E2-1-G,piControl,r1i1p1f2,tos,pangeo_data/GISS-E2-1-G_piControl_r1i1p1f2_tos.npy
7,CNRM-CM6-1,abrupt-4xCO2,r2i1p1f2,rsdt,pangeo_data/CNRM-CM6-1_abrupt-4xCO2_r2i1p1f2_rsdt.npy
8,ACCESS-ESM1-5,piControl,r1i1p1f1,tos,pangeo_data/ACCESS-ESM1-5_piControl_r1i1p1f1_tos.npy
9,CanESM5,1pctCO2,r1i1p2f1,ts,pangeo_data/CanESM5_1pctCO2_r1i1p2f1_ts.npy
10,NESM3,1pctCO2,r1i1p1f1,rsdt,pangeo_data/NESM3_1pctCO2_r1i1p1f1_rsdt.npy
11,MRI-ESM2-0,abrupt-4xCO2,r2i1p1f1,ts,pangeo_data/MRI-ESM2-0_abrupt-4xCO2_r2i1p1f1_ts.npy
12,CNRM-ESM2-1,1pctCO2,r2i1p1f2,rsdt,pangeo_data/CNRM-ESM2-1_1pctCO2_r2i1p1f2_rsdt.npy
13,GISS-E2-2-G,1pctCO2,r1i1p1f1,ts,pangeo_data/GISS-E2-2-G_1pctCO2_r1i1p1f1_ts.npy
14,CNRM-CM6-1,abrupt-4xCO2,r5i1p1f2,tos,pangeo_data/CNRM-CM6-1_abrupt-4xCO2_r5i1p1f2_tos.npy
15,CNRM-ESM2-1,piControl,r1i1p1f2,mlotst,pangeo_data/CNRM-ESM2-1_piControl_r1i1p1f2_mlotst.npy
16,UKESM1-0-LL,piControl,r1i1p1f2,tos,pangeo_data/UKESM1-0-LL_piControl_r1i1p1f2_tos.npy
17,GISS-E2-1-G,piControl,r1i1p1f1,ts,pangeo_data/GISS-E2-1-G_piControl_r1i1p1f1_ts.npy
18,MRI-ESM2-0,abrupt-4xCO2,r5i1p1f1,ts,pangeo_data/MRI-ESM2-0_abrupt-4xCO2_r5i1p1f1_ts.npy
19,GFDL-ESM4,piControl,r1i1p1f1,tos,pangeo_data/GFDL-ESM4_piControl_r1i1p1f1_tos.npy
20,UKESM1-0-LL,1pctCO2,r4i1p1f2,ts,pangeo_data/UKESM1-0-LL_1pctCO2_r4i1p1f2_ts.npy
21,NorCPM1,piControl,r2i1p1f1,ts,pangeo_data/NorCPM1_piControl_r2i1p1f1_ts.npy
22,IPSL-CM6A-LR,abrupt-4xCO2,r9i1p1f1,tos,pangeo_data/IPSL-CM6A-LR_abrupt-4xCO2_r9i1p1f1_tos.npy
23,MRI-ESM2-0,abrupt-4xCO2,r1i1p1f1,ts,pangeo_data/MRI-ESM2-0_abrupt-4xCO2_r1i1p1f1_ts.npy
24,CanESM5,1pctCO2,r1i1p1f1,tos,pangeo_data/CanESM5_1pctCO2_r1i1p1f1_tos.npy
25,GISS-E2-1-G,piControl,r2i1p1f1,mlotst,pangeo_data/GISS-E2-1-G_piControl_r2i1p1f1_mlotst.npy
26,NorCPM1,piControl,r3i1p1f1,ts,pangeo_data/NorCPM1_piControl_r3i1p1f1_ts.npy
27,CNRM-CM6-1,piControl,r1i1p1f2,mlotst,pangeo_data/CNRM-CM6-1_piControl_r1i1p1f2_mlotst.npy
28,EC-Earth3-Veg,abrupt-4xCO2,r1i1p1f1,tos,pangeo_data/EC-Earth3-Veg_abrupt-4xCO2_r1i1p1f1_tos.npy
29,EC-Earth3-Veg,1pctCO2,r1i1p1f1,tos,pangeo_data/EC-Earth3-Veg_1pctCO2_r1i1p1f1_tos.npy
30,AWI-CM-1-1-MR,1pctCO2,r1i1p1f1,rlut,pangeo_data/AWI-CM-1-1-MR_1pctCO2_r1i1p1f1_rlut.npy
31,E3SM-1-1,piControl,r1i1p1f1,tos,pangeo_data/E3SM-1-1_piControl_r1i1p1f1_tos.npy
32,EC-Earth3-Veg,abrupt-4xCO2,r1i1p1f1,ts,pangeo_data/EC-Earth3-Veg_abrupt-4xCO2_r1i1p1f1_ts.npy
33,NorESM2-LM,abrupt-4xCO2,r1i1p1f1,ts,pangeo_data/NorESM2-LM_abrupt-4xCO2_r1i1p1f1_ts.npy
34,CanESM5,1pctCO2,r3i1p2f1,tos,pangeo_data/CanESM5_1pctCO2_r3i1p2f1_tos.npy
35,BCC-CSM2-MR,abrupt-4xCO2,r1i1p1f1,ts,pangeo_data/BCC-CSM2-MR_abrupt-4xCO2_r1i1p1f1_ts.npy
36,ACCESS-ESM1-5,piControl,r1i1p1f1,mlotst,pangeo_data/ACCESS-ESM1-5_piControl_r1i1p1f1_mlotst.npy
37,AWI-CM-1-1-MR,abrupt-4xCO2,r1i1p1f1,rsut,pangeo_data/AWI-CM-1-1-MR_abrupt-4xCO2_r1i1p1f1_rsut.npy
38,CNRM-ESM2-1,1pctCO2,r1i1p1f2,rlut,pangeo_data/CNRM-ESM2-1_1pctCO2_r1i1p1f2_rlut.npy
39,GISS-E2-2-G,piControl,r1i1p1f1,mlotst,pangeo_data/GISS-E2-2-G_piControl_r1i1p1f1_mlotst.npy
40,CESM2-WACCM,piControl,r1i1p1f1,tos,pangeo_data/CESM2-WACCM_piControl_r1i1p1f1_tos.npy
41,NESM3,piControl,r1i1p1f1,tos,pangeo_data/NESM3_piControl_r1i1p1f1_tos.npy
42,EC-Earth3-Veg,1pctCO2,r1i1p1f1,mlotst,pangeo_data/EC-Earth3-Veg_1pctCO2_r1i1p1f1_mlotst.npy
43,BCC-ESM1,piControl,r1i1p1f1,tos,pangeo_data/BCC-ESM1_piControl_r1i1p1f1_tos.npy
44,GISS-E2-1-G,piControl,r1i1p1f3,ts,pangeo_data/GISS-E2-1-G_piControl_r1i1p1f3_ts.npy
45,CNRM-ESM2-1,1pctCO2,r1i1p1f2,rsut,pangeo_data/CNRM-ESM2-1_1pctCO2_r1i1p1f2_rsut.npy
46,MRI-ESM2-0,abrupt-4xCO2,r11i1p1f1,rlut,pangeo_data/MRI-ESM2-0_abrupt-4xCO2_r11i1p1f1_rlut.npy
47,CNRM-CM6-1,abrupt-4xCO2,r6i1p1f2,ts,pangeo_data/CNRM-CM6-1_abrupt-4xCO2_r6i1p1f2_ts.npy
48,CNRM-ESM2-1,piControl,r1i1p1f2,tos,pangeo_data/CNRM-ESM2-1_piControl_r1i1p1f2_tos.npy
49,GFDL-CM4,piControl,r1i1p1f1,tos,pangeo_data/GFDL-CM4_piControl_r1i1p1f1_tos.npy
50,CNRM-ESM2-1,abrupt-4xCO2,r1i1p1f2,rsut,pangeo_data/CNRM-ESM2-1_abrupt-4xCO2_r1i1p1f2_rsut.npy
51,HadGEM3-GC31-MM,piControl,r1i1p1f1,tos,pangeo_data/HadGEM3-GC31-MM_piControl_r1i1p1f1_tos.npy
52,GISS-E2-1-G,1pctCO2,r1i1p3f1,ts,pangeo_data/GISS-E2-1-G_1pctCO2_r1i1p3f1_ts.npy
53,MRI-ESM2-0,abrupt-4xCO2,r3i1p1f1,rsdt,pangeo_data/MRI-ESM2-0_abrupt-4xCO2_r3i1p1f1_rsdt.npy
54,CAMS-CSM1-0,abrupt-4xCO2,r2i1p1f1,rlut,pangeo_data/CAMS-CSM1-0_abrupt-4xCO2_r2i1p1f1_rlut.npy
55,HadGEM3-GC31-LL,abrupt-4xCO2,r1i1p1f3,mlotst,pangeo_data/HadGEM3-GC31-LL_abrupt-4xCO2_r1i1p1f3_mlotst.npy
56,CESM2,1pctCO2,r1i1p1f1,tos,pangeo_data/CESM2_1pctCO2_r1i1p1f1_tos.npy
57,CNRM-CM6-1,abrupt-4xCO2,r4i1p1f2,rsut,pangeo_data/CNRM-CM6-1_abrupt-4xCO2_r4i1p1f2_rsut.npy
58,CNRM-ESM2-1,abrupt-4xCO2,r3i1p1f2,rlut,pangeo_data/CNRM-ESM2-1_abrupt-4xCO2_r3i1p1f2_rlut.npy
59,IPSL-CM6A-LR,abrupt-4xCO2,r11i1p1f1,ts,pangeo_data/IPSL-CM6A-LR_abrupt-4xCO2_r11i1p1f1_ts.npy
60,CanESM5,1pctCO2,r1i1p1f1,ts,pangeo_data/CanESM5_1pctCO2_r1i1p1f1_ts.npy
61,E3SM-1-0,1pctCO2,r1i1p1f1,tos,pangeo_data/E3SM-1-0_1pctCO2_r1i1p1f1_tos.npy
62,CAMS-CSM1-0,piControl,r1i1p1f1,mlotst,pangeo_data/CAMS-CSM1-0_piControl_r1i1p1f1_mlotst.npy
63,UKESM1-0-LL,piControl,r1i1p1f2,ts,pangeo_data/UKESM1-0-LL_piControl_r1i1p1f2_ts.npy
64,MRI-ESM2-0,abrupt-4xCO2,r9i1p1f1,rlut,pangeo_data/MRI-ESM2-0_abrupt-4xCO2_r9i1p1f1_rlut.npy
65,CNRM-CM6-1,abrupt-4xCO2,r1i1p1f2,rlut,pangeo_data/CNRM-CM6-1_abrupt-4xCO2_r1i1p1f2_rlut.npy
66,CNRM-CM6-1,abrupt-4xCO2,r1i1p1f2,rsdt,pangeo_data/CNRM-CM6-1_abrupt-4xCO2_r1i1p1f2_rsdt.npy
67,CAMS-CSM1-0,1pctCO2,r2i1p1f1,tos,pangeo_data/CAMS-CSM1-0_1pctCO2_r2i1p1f1_tos.npy
68,MRI-ESM2-0,abrupt-4xCO2,r12i1p1f1,rsdt,pangeo_data/MRI-ESM2-0_abrupt-4xCO2_r12i1p1f1_rsdt.npy
69,CESM2,abrupt-4xCO2,r1i1p1f1,ts,pangeo_data/CESM2_abrupt-4xCO2_r1i1p1f1_ts.npy
70,CESM2,piControl,r1i1p1f1,tos,pangeo_data/CESM2_piControl_r1i1p1f1_tos.npy
71,MPI-ESM1-2-HR,1pctCO2,r1i1p1f1,ts,pangeo_data/MPI-ESM1-2-HR_1pctCO2_r1i1p1f1_ts.npy
72,CNRM-CM6-1,abrupt-4xCO2,r4i1p1f2,tos,pangeo_data/CNRM-CM6-1_abrupt-4xCO2_r4i1p1f2_tos.npy
73,EC-Earth3,piControl,r1i1p1f1,mlotst,pangeo_data/EC-Earth3_piControl_r1i1p1f1_mlotst.npy
74,MRI-ESM2-0,abrupt-4xCO2,r6i1p1f1,ts,pangeo_data/MRI-ESM2-0_abrupt-4xCO2_r6i1p1f1_ts.npy
75,NESM3,abrupt-4xCO2,r1i1p1f1,mlotst,pangeo_data/NESM3_abrupt-4xCO2_r1i1p1f1_mlotst.npy
76,MRI-ESM2-0,abrupt-4xCO2,r8i1p1f1,rtmt,pangeo_data/MRI-ESM2-0_abrupt-4xCO2_r8i1p1f1_rtmt.npy
77,MPI-ESM1-2-LR,1pctCO2,r1i1p1f1,ts,pangeo_data/MPI-ESM1-2-LR_1pctCO2_r1i1p1f1_ts.npy
78,GISS-E2-1-G,1pctCO2,r102i1p1f1,ts,pangeo_data/GISS-E2-1-G_1pctCO2_r102i1p1f1_ts.npy
79,GISS-E2-1-G,piControl,r1i1p1f3,mlotst,pangeo_data/GISS-E2-1-G_piControl_r1i1p1f3_mlotst.npy
80,NorCPM1,1pctCO2,r1i1p1f1,ts,pangeo_data/NorCPM1_1pctCO2_r1i1p1f1_ts.npy
81,MRI-ESM2-0,1pctCO2,r1i1p1f1,rsut,pangeo_data/MRI-ESM2-0_1pctCO2_r1i1p1f1_rsut.npy
82,CanESM5,1pctCO2,r3i1p1f1,ts,pangeo_data/CanESM5_1pctCO2_r3i1p1f1_ts.npy
83,MRI-ESM2-0,piControl,r1i2p1f1,ts,pangeo_data/MRI-ESM2-0_piControl_r1i2p1f1_ts.npy
84,IPSL-CM6A-LR,abrupt-4xCO2,r5i1p1f1,tos,pangeo_data/IPSL-CM6A-LR_abrupt-4xCO2_r5i1p1f1_tos.npy
85,HadGEM3-GC31-LL,piControl,r1i1p1f1,tos,pangeo_data/HadGEM3-GC31-LL_piControl_r1i1p1f1_tos.npy
86,CanESM5,1pctCO2,r2i1p1f1,tos,pangeo_data/CanESM5_1pctCO2_r2i1p1f1_tos.npy
87,HadGEM3-GC31-LL,piControl,r1i1p1f1,mlotst,pangeo_data/HadGEM3-GC31-LL_piControl_r1i1p1f1_mlotst.npy
88,MPI-ESM1-2-HR,abrupt-4xCO2,r1i1p1f1,rtmt,pangeo_data/MPI-ESM1-2-HR_abrupt-4xCO2_r1i1p1f1_rtmt.npy
89,CNRM-CM6-1,1pctCO2,r1i1p1f2,rsdt,pangeo_data/CNRM-CM6-1_1pctCO2_r1i1p1f2_rsdt.npy
90,MRI-ESM2-0,abrupt-4xCO2,r6i1p1f1,rtmt,pangeo_data/MRI-ESM2-0_abrupt-4xCO2_r6i1p1f1_rtmt.npy
91,CNRM-CM6-1,piControl,r1i1p1f2,ts,pangeo_data/CNRM-CM6-1_piControl_r1i1p1f2_ts.npy
92,HadGEM3-GC31-LL,1pctCO2,r1i1p1f3,mlotst,pangeo_data/HadGEM3-GC31-LL_1pctCO2_r1i1p1f3_mlotst.npy
93,MPI-ESM1-2-HR,1pctCO2,r1i1p1f1,rlut,pangeo_data/MPI-ESM1-2-HR_1pctCO2_r1i1p1f1_rlut.npy
94,MRI-ESM2-0,1pctCO2,r1i1p1f1,rlut,pangeo_data/MRI-ESM2-0_1pctCO2_r1i1p1f1_rlut.npy
95,NorCPM1,abrupt-4xCO2,r1i1p1f1,ts,pangeo_data/NorCPM1_abrupt-4xCO2_r1i1p1f1_ts.npy
96,CESM2-WACCM,abrupt-4xCO2,r1i1p1f1,tos,pangeo_data/CESM2-WACCM_abrupt-4xCO2_r1i1p1f1_tos.npy
97,CNRM-CM6-1,abrupt-4xCO2,r5i1p1f2,ts,pangeo_data/CNRM-CM6-1_abrupt-4xCO2_r5i1p1f2_ts.npy
98,ACCESS-ESM1-5,abrupt-4xCO2,r1i1p1f1,tos,pangeo_data/ACCESS-ESM1-5_abrupt-4xCO2_r1i1p1f1_tos.npy
99,CAMS-CSM1-0,abrupt-4xCO2,r2i1p1f1,rsut,pangeo_data/CAMS-CSM1-0_abrupt-4xCO2_r2i1p1f1_rsut.npy
100,CAMS-CSM1-0,abrupt-4xCO2,r1i1p1f1,rtmt,pangeo_data/CAMS-CSM1-0_abrupt-4xCO2_r1i1p1f1_rtmt.npy
101,CNRM-CM6-1,abrupt-4xCO2,r5i1p1f2,rtmt,pangeo_data/CNRM-CM6-1_abrupt-4xCO2_r5i1p1f2_rtmt.npy
102,EC-Earth3,piControl,r1i1p1f1,tos,pangeo_data/EC-Earth3_piControl_r1i1p1f1_tos.npy
103,CNRM-CM6-1,1pctCO2,r1i1p1f2,tos,pangeo_data/CNRM-CM6-1_1pctCO2_r1i1p1f2_tos.npy
104,EC-Earth3-Veg,piControl,r1i1p1f1,ts,pangeo_data/EC-Earth3-Veg_piControl_r1i1p1f1_ts.npy
105,UKESM1-0-LL,1pctCO2,r2i1p1f2,ts,pangeo_data/UKESM1-0-LL_1pctCO2_r2i1p1f2_ts.npy
106,ACCESS-CM2,piControl,r1i1p1f1,tos,pangeo_data/ACCESS-CM2_piControl_r1i1p1f1_tos.npy
107,CNRM-CM6-1,abrupt-4xCO2,r3i1p1f2,ts,pangeo_data/CNRM-CM6-1_abrupt-4xCO2_r3i1p1f2_ts.npy
108,MRI-ESM2-0,abrupt-4xCO2,r9i1p1f1,rsut,pangeo_data/MRI-ESM2-0_abrupt-4xCO2_r9i1p1f1_rsut.npy
109,NorESM2-MM,1pctCO2,r1i1p1f1,ts,pangeo_data/NorESM2-MM_1pctCO2_r1i1p1f1_ts.npy
110,CNRM-ESM2-1,1pctCO2,r2i1p1f2,rsut,pangeo_data/CNRM-ESM2-1_1pctCO2_r2i1p1f2_rsut.npy
111,MRI-ESM2-0,abrupt-4xCO2,r7i1p1f1,rtmt,pangeo_data/MRI-ESM2-0_abrupt-4xCO2_r7i1p1f1_rtmt.npy
112,MRI-ESM2-0,abrupt-4xCO2,r11i1p1f1,rtmt,pangeo_data/MRI-ESM2-0_abrupt-4xCO2_r11i1p1f1_rtmt.npy
113,IPSL-CM6A-LR,abrupt-4xCO2,r12i1p1f1,ts,pangeo_data/IPSL-CM6A-LR_abrupt-4xCO2_r12i1p1f1_ts.npy
114,IPSL-CM6A-LR,abrupt-4xCO2,r9i1p1f1,ts,pangeo_data/IPSL-CM6A-LR_abrupt-4xCO2_r9i1p1f1_ts.npy
115,CAMS-CSM1-0,1pctCO2,r2i1p1f1,rsdt,pangeo_data/CAMS-CSM1-0_1pctCO2_r2i1p1f1_rsdt.npy
116,GISS-E2-1-G,1pctCO2,r1i1p3f1,tos,pangeo_data/GISS-E2-1-G_1pctCO2_r1i1p3f1_tos.npy
117,NESM3,1pctCO2,r1i1p1f1,ts,pangeo_data/NESM3_1pctCO2_r1i1p1f1_ts.npy
118,MPI-ESM1-2-LR,piControl,r1i1p1f1,ts,pangeo_data/MPI-ESM1-2-LR_piControl_r1i1p1f1_ts.npy
119,MRI-ESM2-0,1pctCO2,r1i2p1f1,rlut,pangeo_data/MRI-ESM2-0_1pctCO2_r1i2p1f1_rlut.npy
120,BCC-CSM2-MR,1pctCO2,r1i1p1f1,tos,pangeo_data/BCC-CSM2-MR_1pctCO2_r1i1p1f1_tos.npy
121,IPSL-CM6A-LR,1pctCO2,r1i1p1f1,ts,pangeo_data/IPSL-CM6A-LR_1pctCO2_r1i1p1f1_ts.npy
122,MRI-ESM2-0,piControl,r1i1p1f1,tos,pangeo_data/MRI-ESM2-0_piControl_r1i1p1f1_tos.npy
123,AWI-CM-1-1-MR,1pctCO2,r1i1p1f1,ts,pangeo_data/AWI-CM-1-1-MR_1pctCO2_r1i1p1f1_ts.npy
124,CNRM-CM6-1,abrupt-4xCO2,r3i1p1f2,rlut,pangeo_data/CNRM-CM6-1_abrupt-4xCO2_r3i1p1f2_rlut.npy
125,UKESM1-0-LL,1pctCO2,r3i1p1f2,tos,pangeo_data/UKESM1-0-LL_1pctCO2_r3i1p1f2_tos.npy
126,GISS-E2-1-G,piControl,r1i1p1f1,mlotst,pangeo_data/GISS-E2-1-G_piControl_r1i1p1f1_mlotst.npy
127,GISS-E2-1-G,piControl,r102i1p1f1,tos,pangeo_data/GISS-E2-1-G_piControl_r102i1p1f1_tos.npy
128,GISS-E2-1-G-CC,piControl,r1i1p1f1,tos,pangeo_data/GISS-E2-1-G-CC_piControl_r1i1p1f1_tos.npy
129,NorCPM1,1pctCO2,r1i1p1f1,mlotst,pangeo_data/NorCPM1_1pctCO2_r1i1p1f1_mlotst.npy
130,CESM2-WACCM-FV2,piControl,r1i1p1f1,mlotst,pangeo_data/CESM2-WACCM-FV2_piControl_r1i1p1f1_mlotst.npy
131,CNRM-CM6-1,abrupt-4xCO2,r3i1p1f2,rtmt,pangeo_data/CNRM-CM6-1_abrupt-4xCO2_r3i1p1f2_rtmt.npy
132,MRI-ESM2-0,abrupt-4xCO2,r10i1p1f1,rlut,pangeo_data/MRI-ESM2-0_abrupt-4xCO2_r10i1p1f1_rlut.npy
133,MRI-ESM2-0,abrupt-4xCO2,r10i1p1f1,ts,pangeo_data/MRI-ESM2-0_abrupt-4xCO2_r10i1p1f1_ts.npy
134,CAMS-CSM1-0,abrupt-4xCO2,r2i1p1f1,rtmt,pangeo_data/CAMS-CSM1-0_abrupt-4xCO2_r2i1p1f1_rtmt.npy
135,MPI-ESM1-2-HR,piControl,r1i1p1f1,ts,pangeo_data/MPI-ESM1-2-HR_piControl_r1i1p1f1_ts.npy
136,CAMS-CSM1-0,piControl,r1i1p1f1,tos,pangeo_data/CAMS-CSM1-0_piControl_r1i1p1f1_tos.npy
137,BCC-CSM2-MR,piControl,r1i1p1f1,tos,pangeo_data/BCC-CSM2-MR_piControl_r1i1p1f1_tos.npy
138,CanESM5,1pctCO2,r2i1p2f1,ts,pangeo_data/CanESM5_1pctCO2_r2i1p2f1_ts.npy
139,MRI-ESM2-0,abrupt-4xCO2,r10i1p1f1,tos,pangeo_data/MRI-ESM2-0_abrupt-4xCO2_r10i1p1f1_tos.npy
140,CESM2-FV2,piControl,r1i1p1f1,mlotst,pangeo_data/CESM2-FV2_piControl_r1i1p1f1_mlotst.npy
141,MRI-ESM2-0,abrupt-4xCO2,r12i1p1f1,ts,pangeo_data/MRI-ESM2-0_abrupt-4xCO2_r12i1p1f1_ts.npy
142,IPSL-CM6A-LR,abrupt-4xCO2,r6i1p1f1,ts,pangeo_data/IPSL-CM6A-LR_abrupt-4xCO2_r6i1p1f1_ts.npy
143,E3SM-1-0,1pctCO2,r1i1p1f1,mlotst,pangeo_data/E3SM-1-0_1pctCO2_r1i1p1f1_mlotst.npy
144,MRI-ESM2-0,abrupt-4xCO2,r3i1p1f1,rtmt,pangeo_data/MRI-ESM2-0_abrupt-4xCO2_r3i1p1f1_rtmt.npy
145,IPSL-CM6A-LR,abrupt-4xCO2,r8i1p1f1,ts,pangeo_data/IPSL-CM6A-LR_abrupt-4xCO2_r8i1p1f1_ts.npy
146,HadGEM3-GC31-LL,1pctCO2,r2i1p1f3,ts,pangeo_data/HadGEM3-GC31-LL_1pctCO2_r2i1p1f3_ts.npy
147,MRI-ESM2-0,abrupt-4xCO2,r10i1p1f1,rtmt,pangeo_data/MRI-ESM2-0_abrupt-4xCO2_r10i1p1f1_rtmt.npy
148,GISS-E2-1-G,piControl,r101i1p1f1,ts,pangeo_data/GISS-E2-1-G_piControl_r101i1p1f1_ts.npy
149,CanESM5,1pctCO2,r1i1p2f1,tos,pangeo_data/CanESM5_1pctCO2_r1i1p2f1_tos.npy
150,GFDL-ESM4,piControl,r1i1p1f1,ts,pangeo_data/GFDL-ESM4_piControl_r1i1p1f1_ts.npy
151,E3SM-1-1,piControl,r1i1p1f1,ts,pangeo_data/E3SM-1-1_piControl_r1i1p1f1_ts.npy
152,HadGEM3-GC31-MM,piControl,r1i1p1f1,mlotst,pangeo_data/HadGEM3-GC31-MM_piControl_r1i1p1f1_mlotst.npy
153,CAMS-CSM1-0,abrupt-4xCO2,r1i1p1f1,rsdt,pangeo_data/CAMS-CSM1-0_abrupt-4xCO2_r1i1p1f1_rsdt.npy
154,CNRM-ESM2-1,abrupt-4xCO2,r1i1p1f2,tos,pangeo_data/CNRM-ESM2-1_abrupt-4xCO2_r1i1p1f2_tos.npy
155,CNRM-ESM2-1,1pctCO2,r2i1p1f2,ts,pangeo_data/CNRM-ESM2-1_1pctCO2_r2i1p1f2_ts.npy
156,CNRM-ESM2-1,abrupt-4xCO2,r1i1p1f2,rtmt,pangeo_data/CNRM-ESM2-1_abrupt-4xCO2_r1i1p1f2_rtmt.npy
157,UKESM1-0-LL,1pctCO2,r2i1p1f2,tos,pangeo_data/UKESM1-0-LL_1pctCO2_r2i1p1f2_tos.npy
158,HadGEM3-GC31-LL,1pctCO2,r2i1p1f3,tos,pangeo_data/HadGEM3-GC31-LL_1pctCO2_r2i1p1f3_tos.npy
159,AWI-CM-1-1-MR,1pctCO2,r1i1p1f1,rsut,pangeo_data/AWI-CM-1-1-MR_1pctCO2_r1i1p1f1_rsut.npy
160,UKESM1-0-LL,1pctCO2,r3i1p1f2,ts,pangeo_data/UKESM1-0-LL_1pctCO2_r3i1p1f2_ts.npy
161,E3SM-1-1,piControl,r1i1p1f1,mlotst,pangeo_data/E3SM-1-1_piControl_r1i1p1f1_mlotst.npy
162,MRI-ESM2-0,abrupt-4xCO2,r12i1p1f1,rlut,pangeo_data/MRI-ESM2-0_abrupt-4xCO2_r12i1p1f1_rlut.npy
163,CNRM-ESM2-1,1pctCO2,r1i1p1f2,tos,pangeo_data/CNRM-ESM2-1_1pctCO2_r1i1p1f2_tos.npy
164,GISS-E2-1-G,piControl,r2i1p1f1,ts,pangeo_data/GISS-E2-1-G_piControl_r2i1p1f1_ts.npy
165,CanESM5,1pctCO2,r1i1p1f1,mlotst,pangeo_data/CanESM5_1pctCO2_r1i1p1f1_mlotst.npy
166,CNRM-ESM2-1,abrupt-4xCO2,r3i1p1f2,ts,pangeo_data/CNRM-ESM2-1_abrupt-4xCO2_r3i1p1f2_ts.npy
167,GISS-E2-1-G,piControl,r102i1p1f1,mlotst,pangeo_data/GISS-E2-1-G_piControl_r102i1p1f1_mlotst.npy
168,ACCESS-CM2,abrupt-4xCO2,r1i1p1f1,tos,pangeo_data/ACCESS-CM2_abrupt-4xCO2_r1i1p1f1_tos.npy
169,UKESM1-0-LL,1pctCO2,r1i1p1f2,tos,pangeo_data/UKESM1-0-LL_1pctCO2_r1i1p1f2_tos.npy
170,CAMS-CSM1-0,1pctCO2,r2i1p1f1,ts,pangeo_data/CAMS-CSM1-0_1pctCO2_r2i1p1f1_ts.npy
171,MPI-ESM1-2-HR,abrupt-4xCO2,r1i1p1f1,rlut,pangeo_data/MPI-ESM1-2-HR_abrupt-4xCO2_r1i1p1f1_rlut.npy
172,CESM2-FV2,piControl,r1i1p1f1,ts,pangeo_data/CESM2-FV2_piControl_r1i1p1f1_ts.npy
173,CNRM-ESM2-1,piControl,r1i1p1f2,ts,pangeo_data/CNRM-ESM2-1_piControl_r1i1p1f2_ts.npy
174,MRI-ESM2-0,abrupt-4xCO2,r1i1p1f1,rsdt,pangeo_data/MRI-ESM2-0_abrupt-4xCO2_r1i1p1f1_rsdt.npy
175,CESM2-FV2,piControl,r1i1p1f1,tos,pangeo_data/CESM2-FV2_piControl_r1i1p1f1_tos.npy
176,GFDL-ESM4,piControl,r1i1p1f1,mlotst,pangeo_data/GFDL-ESM4_piControl_r1i1p1f1_mlotst.npy
177,CanESM5,abrupt-4xCO2,r1i1p1f1,ts,pangeo_data/CanESM5_abrupt-4xCO2_r1i1p1f1_ts.npy
178,ACCESS-ESM1-5,abrupt-4xCO2,r1i1p1f1,ts,pangeo_data/ACCESS-ESM1-5_abrupt-4xCO2_r1i1p1f1_ts.npy
179,ACCESS-ESM1-5,1pctCO2,r1i1p1f1,ts,pangeo_data/ACCESS-ESM1-5_1pctCO2_r1i1p1f1_ts.npy
180,IPSL-CM6A-LR,1pctCO2,r1i1p1f1,tos,pangeo_data/IPSL-CM6A-LR_1pctCO2_r1i1p1f1_tos.npy
181,NESM3,abrupt-4xCO2,r1i1p1f1,tos,pangeo_data/NESM3_abrupt-4xCO2_r1i1p1f1_tos.npy
182,CNRM-ESM2-1,1pctCO2,r1i1p1f2,rsdt,pangeo_data/CNRM-ESM2-1_1pctCO2_r1i1p1f2_rsdt.npy
183,HadGEM3-GC31-LL,1pctCO2,r4i1p1f3,tos,pangeo_data/HadGEM3-GC31-LL_1pctCO2_r4i1p1f3_tos.npy
184,IPSL-CM6A-LR,piControl,r1i1p1f1,ts,pangeo_data/IPSL-CM6A-LR_piControl_r1i1p1f1_ts.npy
185,NESM3,abrupt-4xCO2,r1i1p1f1,rsdt,pangeo_data/NESM3_abrupt-4xCO2_r1i1p1f1_rsdt.npy
186,CESM2-WACCM,abrupt-4xCO2,r1i1p1f1,ts,pangeo_data/CESM2-WACCM_abrupt-4xCO2_r1i1p1f1_ts.npy
187,MRI-ESM2-0,abrupt-4xCO2,r7i1p1f1,rsut,pangeo_data/MRI-ESM2-0_abrupt-4xCO2_r7i1p1f1_rsut.npy
188,MRI-ESM2-0,abrupt-4xCO2,r2i1p1f1,rsut,pangeo_data/MRI-ESM2-0_abrupt-4xCO2_r2i1p1f1_rsut.npy
189,MRI-ESM2-0,piControl,r1i1p1f1,ts,pangeo_data/MRI-ESM2-0_piControl_r1i1p1f1_ts.npy
190,CNRM-CM6-1,abrupt-4xCO2,r3i1p1f2,rsut,pangeo_data/CNRM-CM6-1_abrupt-4xCO2_r3i1p1f2_rsut.npy
191,GISS-E2-1-G,piControl,r1i1p1f2,mlotst,pangeo_data/GISS-E2-1-G_piControl_r1i1p1f2_mlotst.npy
192,CNRM-ESM2-1,abrupt-4xCO2,r1i1p1f2,rlut,pangeo_data/CNRM-ESM2-1_abrupt-4xCO2_r1i1p1f2_rlut.npy
193,CNRM-CM6-1,abrupt-4xCO2,r2i1p1f2,ts,pangeo_data/CNRM-CM6-1_abrupt-4xCO2_r2i1p1f2_ts.npy
194,MRI-ESM2-0,abrupt-4xCO2,r1i1p1f1,rlut,pangeo_data/MRI-ESM2-0_abrupt-4xCO2_r1i1p1f1_rlut.npy
195,MRI-ESM2-0,abrupt-4xCO2,r3i1p1f1,ts,pangeo_data/MRI-ESM2-0_abrupt-4xCO2_r3i1p1f1_ts.npy
196,CNRM-ESM2-1,1pctCO2,r4i1p1f2,rlut,pangeo_data/CNRM-ESM2-1_1pctCO2_r4i1p1f2_rlut.npy
197,MPI-ESM1-2-HR,1pctCO2,r1i1p1f1,rsut,pangeo_data/MPI-ESM1-2-HR_1pctCO2_r1i1p1f1_rsut.npy
198,CanESM5,1pctCO2,r2i1p2f1,tos,pangeo_data/CanESM5_1pctCO2_r2i1p2f1_tos.npy
199,MRI-ESM2-0,abrupt-4xCO2,r9i1p1f1,rtmt,pangeo_data/MRI-ESM2-0_abrupt-4xCO2_r9i1p1f1_rtmt.npy
200,CNRM-ESM2-1,abrupt-4xCO2,r3i1p1f2,rtmt,pangeo_data/CNRM-ESM2-1_abrupt-4xCO2_r3i1p1f2_rtmt.npy
201,HadGEM3-GC31-LL,1pctCO2,r3i1p1f3,tos,pangeo_data/HadGEM3-GC31-LL_1pctCO2_r3i1p1f3_tos.npy
202,CNRM-ESM2-1,1pctCO2,r4i1p1f2,ts,pangeo_data/CNRM-ESM2-1_1pctCO2_r4i1p1f2_ts.npy
203,GISS-E2-2-G,1pctCO2,r1i1p1f1,tos,pangeo_data/GISS-E2-2-G_1pctCO2_r1i1p1f1_tos.npy
204,BCC-ESM1,piControl,r1i1p1f1,ts,pangeo_data/BCC-ESM1_piControl_r1i1p1f1_ts.npy
205,CNRM-ESM2-1,1pctCO2,r4i1p1f2,rsdt,pangeo_data/CNRM-ESM2-1_1pctCO2_r4i1p1f2_rsdt.npy
206,MRI-ESM2-0,abrupt-4xCO2,r13i1p1f1,rlut,pangeo_data/MRI-ESM2-0_abrupt-4xCO2_r13i1p1f1_rlut.npy
207,AWI-CM-1-1-MR,abrupt-4xCO2,r1i1p1f1,rtmt,pangeo_data/AWI-CM-1-1-MR_abrupt-4xCO2_r1i1p1f1_rtmt.npy
208,EC-Earth3-Veg,piControl,r1i1p1f1,tos,pangeo_data/EC-Earth3-Veg_piControl_r1i1p1f1_tos.npy
209,CESM2,piControl,r1i1p1f1,mlotst,pangeo_data/CESM2_piControl_r1i1p1f1_mlotst.npy
210,CESM2-WACCM,1pctCO2,r1i1p1f1,tos,pangeo_data/CESM2-WACCM_1pctCO2_r1i1p1f1_tos.npy
211,MRI-ESM2-0,abrupt-4xCO2,r2i1p1f1,rsdt,pangeo_data/MRI-ESM2-0_abrupt-4xCO2_r2i1p1f1_rsdt.npy
212,CNRM-ESM2-1,1pctCO2,r2i1p1f2,rlut,pangeo_data/CNRM-ESM2-1_1pctCO2_r2i1p1f2_rlut.npy
213,MRI-ESM2-0,abrupt-4xCO2,r1i2p1f1,rsut,pangeo_data/MRI-ESM2-0_abrupt-4xCO2_r1i2p1f1_rsut.npy
214,MRI-ESM2-0,abrupt-4xCO2,r1i1p1f1,rsut,pangeo_data/MRI-ESM2-0_abrupt-4xCO2_r1i1p1f1_rsut.npy
215,MRI-ESM2-0,abrupt-4xCO2,r13i1p1f1,rsut,pangeo_data/MRI-ESM2-0_abrupt-4xCO2_r13i1p1f1_rsut.npy
216,GISS-E2-2-G,piControl,r1i1p1f1,ts,pangeo_data/GISS-E2-2-G_piControl_r1i1p1f1_ts.npy
217,CNRM-CM6-1,abrupt-4xCO2,r2i1p1f2,rtmt,pangeo_data/CNRM-CM6-1_abrupt-4xCO2_r2i1p1f2_rtmt.npy
218,IPSL-CM6A-LR,piControl,r1i1p1f1,tos,pangeo_data/IPSL-CM6A-LR_piControl_r1i1p1f1_tos.npy
219,CNRM-CM6-1,abrupt-4xCO2,r6i1p1f2,rsut,pangeo_data/CNRM-CM6-1_abrupt-4xCO2_r6i1p1f2_rsut.npy
220,GISS-E2-1-G,abrupt-4xCO2,r102i1p1f1,ts,pangeo_data/GISS-E2-1-G_abrupt-4xCO2_r102i1p1f1_ts.npy
221,MRI-ESM2-0,abrupt-4xCO2,r11i1p1f1,rsdt,pangeo_data/MRI-ESM2-0_abrupt-4xCO2_r11i1p1f1_rsdt.npy
222,CNRM-CM6-1,abrupt-4xCO2,r2i1p1f2,rsut,pangeo_data/CNRM-CM6-1_abrupt-4xCO2_r2i1p1f2_rsut.npy
223,ACCESS-CM2,1pctCO2,r1i1p1f1,ts,pangeo_data/ACCESS-CM2_1pctCO2_r1i1p1f1_ts.npy
224,NESM3,1pctCO2,r1i1p1f1,mlotst,pangeo_data/NESM3_1pctCO2_r1i1p1f1_mlotst.npy
225,BCC-ESM1,abrupt-4xCO2,r1i1p1f1,tos,pangeo_data/BCC-ESM1_abrupt-4xCO2_r1i1p1f1_tos.npy
226,MRI-ESM2-0,abrupt-4xCO2,r7i1p1f1,rlut,pangeo_data/MRI-ESM2-0_abrupt-4xCO2_r7i1p1f1_rlut.npy
227,CNRM-CM6-1,abrupt-4xCO2,r4i1p1f2,rlut,pangeo_data/CNRM-CM6-1_abrupt-4xCO2_r4i1p1f2_rlut.npy
228,CNRM-ESM2-1,abrupt-4xCO2,r3i1p1f2,tos,pangeo_data/CNRM-ESM2-1_abrupt-4xCO2_r3i1p1f2_tos.npy
229,CESM2-WACCM,piControl,r1i1p1f1,mlotst,pangeo_data/CESM2-WACCM_piControl_r1i1p1f1_mlotst.npy
230,UKESM1-0-LL,1pctCO2,r1i1p1f2,ts,pangeo_data/UKESM1-0-LL_1pctCO2_r1i1p1f2_ts.npy
231,CNRM-ESM2-1,1pctCO2,r3i1p1f2,tos,pangeo_data/CNRM-ESM2-1_1pctCO2_r3i1p1f2_tos.npy
232,BCC-CSM2-MR,abrupt-4xCO2,r1i1p1f1,tos,pangeo_data/BCC-CSM2-MR_abrupt-4xCO2_r1i1p1f1_tos.npy
233,HadGEM3-GC31-LL,1pctCO2,r1i1p1f3,ts,pangeo_data/HadGEM3-GC31-LL_1pctCO2_r1i1p1f3_ts.npy
234,MRI-ESM2-0,abrupt-4xCO2,r10i1p1f1,rsdt,pangeo_data/MRI-ESM2-0_abrupt-4xCO2_r10i1p1f1_rsdt.npy
235,HadGEM3-GC31-LL,abrupt-4xCO2,r1i1p1f3,ts,pangeo_data/HadGEM3-GC31-LL_abrupt-4xCO2_r1i1p1f3_ts.npy
236,GISS-E2-1-G,piControl,r2i1p1f1,tos,pangeo_data/GISS-E2-1-G_piControl_r2i1p1f1_tos.npy
237,EC-Earth3-Veg,1pctCO2,r1i1p1f1,ts,pangeo_data/EC-Earth3-Veg_1pctCO2_r1i1p1f1_ts.npy
238,CNRM-CM6-1,abrupt-4xCO2,r6i1p1f2,tos,pangeo_data/CNRM-CM6-1_abrupt-4xCO2_r6i1p1f2_tos.npy
239,AWI-CM-1-1-MR,abrupt-4xCO2,r1i1p1f1,ts,pangeo_data/AWI-CM-1-1-MR_abrupt-4xCO2_r1i1p1f1_ts.npy
240,CNRM-ESM2-1,1pctCO2,r3i1p1f2,ts,pangeo_data/CNRM-ESM2-1_1pctCO2_r3i1p1f2_ts.npy
241,MRI-ESM2-0,abrupt-4xCO2,r2i1p1f1,rlut,pangeo_data/MRI-ESM2-0_abrupt-4xCO2_r2i1p1f1_rlut.npy
242,CNRM-ESM2-1,abrupt-4xCO2,r1i1p1f2,ts,pangeo_data/CNRM-ESM2-1_abrupt-4xCO2_r1i1p1f2_ts.npy
243,NorCPM1,abrupt-4xCO2,r1i1p1f1,mlotst,pangeo_data/NorCPM1_abrupt-4xCO2_r1i1p1f1_mlotst.npy
244,AWI-CM-1-1-MR,abrupt-4xCO2,r1i1p1f1,tos,pangeo_data/AWI-CM-1-1-MR_abrupt-4xCO2_r1i1p1f1_tos.npy
245,NESM3,1pctCO2,r1i1p1f1,rsut,pangeo_data/NESM3_1pctCO2_r1i1p1f1_rsut.npy
246,CNRM-CM6-1,abrupt-4xCO2,r1i1p1f2,tos,pangeo_data/CNRM-CM6-1_abrupt-4xCO2_r1i1p1f2_tos.npy
247,CNRM-ESM2-1,abrupt-4xCO2,r2i1p1f2,rsut,pangeo_data/CNRM-ESM2-1_abrupt-4xCO2_r2i1p1f2_rsut.npy
248,CNRM-CM6-1,1pctCO2,r1i1p1f2,rsut,pangeo_data/CNRM-CM6-1_1pctCO2_r1i1p1f2_rsut.npy
249,MPI-ESM1-2-LR,1pctCO2,r1i1p1f1,rsut,pangeo_data/MPI-ESM1-2-LR_1pctCO2_r1i1p1f1_rsut.npy
250,NESM3,abrupt-4xCO2,r1i1p1f1,ts,pangeo_data/NESM3_abrupt-4xCO2_r1i1p1f1_ts.npy
251,MRI-ESM2-0,abrupt-4xCO2,r1i2p1f1,rtmt,pangeo_data/MRI-ESM2-0_abrupt-4xCO2_r1i2p1f1_rtmt.npy
252,CAMS-CSM1-0,1pctCO2,r2i1p1f1,rlut,pangeo_data/CAMS-CSM1-0_1pctCO2_r2i1p1f1_rlut.npy
253,BCC-ESM1,1pctCO2,r1i1p1f1,ts,pangeo_data/BCC-ESM1_1pctCO2_r1i1p1f1_ts.npy
254,BCC-ESM1,1pctCO2,r1i1p1f1,tos,pangeo_data/BCC-ESM1_1pctCO2_r1i1p1f1_tos.npy
255,MRI-ESM2-0,abrupt-4xCO2,r8i1p1f1,rlut,pangeo_data/MRI-ESM2-0_abrupt-4xCO2_r8i1p1f1_rlut.npy
256,CanESM5,abrupt-4xCO2,r1i1p1f1,tos,pangeo_data/CanESM5_abrupt-4xCO2_r1i1p1f1_tos.npy
257,MPI-ESM-1-2-HAM,piControl,r1i1p1f1,ts,pangeo_data/MPI-ESM-1-2-HAM_piControl_r1i1p1f1_ts.npy
258,CanESM5,abrupt-4xCO2,r1i1p2f1,ts,pangeo_data/CanESM5_abrupt-4xCO2_r1i1p2f1_ts.npy
259,MRI-ESM2-0,abrupt-4xCO2,r3i1p1f1,rsut,pangeo_data/MRI-ESM2-0_abrupt-4xCO2_r3i1p1f1_rsut.npy
260,GISS-E2-1-G,abrupt-4xCO2,r1i1p1f3,ts,pangeo_data/GISS-E2-1-G_abrupt-4xCO2_r1i1p1f3_ts.npy
261,MRI-ESM2-0,1pctCO2,r1i2p1f1,rsdt,pangeo_data/MRI-ESM2-0_1pctCO2_r1i2p1f1_rsdt.npy
262,GISS-E2-1-G,piControl,r101i1p1f1,mlotst,pangeo_data/GISS-E2-1-G_piControl_r101i1p1f1_mlotst.npy
263,IPSL-CM6A-LR,abrupt-4xCO2,r11i1p1f1,tos,pangeo_data/IPSL-CM6A-LR_abrupt-4xCO2_r11i1p1f1_tos.npy
264,BCC-CSM2-MR,piControl,r1i1p1f1,mlotst,pangeo_data/BCC-CSM2-MR_piControl_r1i1p1f1_mlotst.npy
265,IPSL-CM6A-LR,abrupt-4xCO2,r7i1p1f1,tos,pangeo_data/IPSL-CM6A-LR_abrupt-4xCO2_r7i1p1f1_tos.npy
266,HadGEM3-GC31-MM,piControl,r1i1p1f1,ts,pangeo_data/HadGEM3-GC31-MM_piControl_r1i1p1f1_ts.npy
267,MPI-ESM1-2-HR,abrupt-4xCO2,r1i1p1f1,tos,pangeo_data/MPI-ESM1-2-HR_abrupt-4xCO2_r1i1p1f1_tos.npy
268,MRI-ESM2-0,abrupt-4xCO2,r1i2p1f1,rlut,pangeo_data/MRI-ESM2-0_abrupt-4xCO2_r1i2p1f1_rlut.npy
269,ACCESS-ESM1-5,1pctCO2,r1i1p1f1,tos,pangeo_data/ACCESS-ESM1-5_1pctCO2_r1i1p1f1_tos.npy
270,MPI-ESM1-2-HR,piControl,r1i1p1f1,mlotst,pangeo_data/MPI-ESM1-2-HR_piControl_r1i1p1f1_mlotst.npy
271,IPSL-CM6A-LR,piControl,r1i2p1f1,tos,pangeo_data/IPSL-CM6A-LR_piControl_r1i2p1f1_tos.npy
272,CanESM5,1pctCO2,r3i1p2f1,ts,pangeo_data/CanESM5_1pctCO2_r3i1p2f1_ts.npy
273,IPSL-CM6A-LR,piControl,r1i2p1f1,ts,pangeo_data/IPSL-CM6A-LR_piControl_r1i2p1f1_ts.npy
274,MRI-ESM2-0,abrupt-4xCO2,r8i1p1f1,rsut,pangeo_data/MRI-ESM2-0_abrupt-4xCO2_r8i1p1f1_rsut.npy
275,CAMS-CSM1-0,abrupt-4xCO2,r1i1p1f1,rsut,pangeo_data/CAMS-CSM1-0_abrupt-4xCO2_r1i1p1f1_rsut.npy
276,NESM3,piControl,r1i1p1f1,mlotst,pangeo_data/NESM3_piControl_r1i1p1f1_mlotst.npy
277,IPSL-CM6A-LR,abrupt-4xCO2,r10i1p1f1,ts,pangeo_data/IPSL-CM6A-LR_abrupt-4xCO2_r10i1p1f1_ts.npy
278,MPI-ESM1-2-LR,1pctCO2,r1i1p1f1,rsdt,pangeo_data/MPI-ESM1-2-LR_1pctCO2_r1i1p1f1_rsdt.npy
279,CNRM-ESM2-1,abrupt-4xCO2,r2i1p1f2,rlut,pangeo_data/CNRM-ESM2-1_abrupt-4xCO2_r2i1p1f2_rlut.npy
280,GISS-E2-1-G,piControl,r1i1p1f1,tos,pangeo_data/GISS-E2-1-G_piControl_r1i1p1f1_tos.npy
281,GISS-E2-1-G,piControl,r1i1p1f2,ts,pangeo_data/GISS-E2-1-G_piControl_r1i1p1f2_ts.npy
282,ACCESS-CM2,piControl,r1i1p1f1,mlotst,pangeo_data/ACCESS-CM2_piControl_r1i1p1f1_mlotst.npy
283,CESM2,1pctCO2,r1i1p1f1,ts,pangeo_data/CESM2_1pctCO2_r1i1p1f1_ts.npy
284,MRI-ESM2-0,abrupt-4xCO2,r9i1p1f1,ts,pangeo_data/MRI-ESM2-0_abrupt-4xCO2_r9i1p1f1_ts.npy
285,CNRM-ESM2-1,1pctCO2,r1i1p1f2,ts,pangeo_data/CNRM-ESM2-1_1pctCO2_r1i1p1f2_ts.npy
286,GISS-E2-1-G,abrupt-4xCO2,r1i1p1f1,tos,pangeo_data/GISS-E2-1-G_abrupt-4xCO2_r1i1p1f1_tos.npy
287,MRI-ESM2-0,abrupt-4xCO2,r1i1p1f1,rtmt,pangeo_data/MRI-ESM2-0_abrupt-4xCO2_r1i1p1f1_rtmt.npy
288,CanESM5,piControl,r1i1p1f1,mlotst,pangeo_data/CanESM5_piControl_r1i1p1f1_mlotst.npy
289,MRI-ESM2-0,abrupt-4xCO2,r6i1p1f1,rsdt,pangeo_data/MRI-ESM2-0_abrupt-4xCO2_r6i1p1f1_rsdt.npy
290,CAMS-CSM1-0,1pctCO2,r1i1p1f1,ts,pangeo_data/CAMS-CSM1-0_1pctCO2_r1i1p1f1_ts.npy
291,CNRM-ESM2-1,abrupt-4xCO2,r2i1p1f2,rsdt,pangeo_data/CNRM-ESM2-1_abrupt-4xCO2_r2i1p1f2_rsdt.npy
292,NorCPM1,piControl,r1i1p1f1,ts,pangeo_data/NorCPM1_piControl_r1i1p1f1_ts.npy
293,CNRM-CM6-1,1pctCO2,r1i1p1f2,rlut,pangeo_data/CNRM-CM6-1_1pctCO2_r1i1p1f2_rlut.npy
294,GFDL-CM4,piControl,r1i1p1f1,ts,pangeo_data/GFDL-CM4_piControl_r1i1p1f1_ts.npy
295,EC-Earth3,piControl,r1i1p1f1,ts,pangeo_data/EC-Earth3_piControl_r1i1p1f1_ts.npy
296,CanESM5,1pctCO2,r2i1p1f1,ts,pangeo_data/CanESM5_1pctCO2_r2i1p1f1_ts.npy
297,ACCESS-CM2,abrupt-4xCO2,r1i1p1f1,ts,pangeo_data/ACCESS-CM2_abrupt-4xCO2_r1i1p1f1_ts.npy
298,CNRM-ESM2-1,1pctCO2,r3i1p1f2,rsdt,pangeo_data/CNRM-ESM2-1_1pctCO2_r3i1p1f2_rsdt.npy
299,MRI-ESM2-0,abrupt-4xCO2,r3i1p1f1,rlut,pangeo_data/MRI-ESM2-0_abrupt-4xCO2_r3i1p1f1_rlut.npy
300,IPSL-CM6A-LR,abrupt-4xCO2,r4i1p1f1,tos,pangeo_data/IPSL-CM6A-LR_abrupt-4xCO2_r4i1p1f1_tos.npy
301,MPI-ESM1-2-HR,abrupt-4xCO2,r1i1p1f1,ts,pangeo_data/MPI-ESM1-2-HR_abrupt-4xCO2_r1i1p1f1_ts.npy
302,MRI-ESM2-0,abrupt-4xCO2,r10i1p1f1,rsut,pangeo_data/MRI-ESM2-0_abrupt-4xCO2_r10i1p1f1_rsut.npy
303,MRI-ESM2-0,abrupt-4xCO2,r5i1p1f1,rtmt,pangeo_data/MRI-ESM2-0_abrupt-4xCO2_r5i1p1f1_rtmt.npy
304,NESM3,1pctCO2,r1i1p1f1,rlut,pangeo_data/NESM3_1pctCO2_r1i1p1f1_rlut.npy
305,CAMS-CSM1-0,abrupt-4xCO2,r1i1p1f1,tos,pangeo_data/CAMS-CSM1-0_abrupt-4xCO2_r1i1p1f1_tos.npy
306,CNRM-ESM2-1,abrupt-4xCO2,r1i1p1f2,rsdt,pangeo_data/CNRM-ESM2-1_abrupt-4xCO2_r1i1p1f2_rsdt.npy
307,MRI-ESM2-0,abrupt-4xCO2,r1i2p1f1,ts,pangeo_data/MRI-ESM2-0_abrupt-4xCO2_r1i2p1f1_ts.npy
308,GISS-E2-1-G,piControl,r101i1p1f1,tos,pangeo_data/GISS-E2-1-G_piControl_r101i1p1f1_tos.npy
309,MRI-ESM2-0,1pctCO2,r1i1p1f1,ts,pangeo_data/MRI-ESM2-0_1pctCO2_r1i1p1f1_ts.npy
310,CNRM-CM6-1,abrupt-4xCO2,r1i1p1f2,rtmt,pangeo_data/CNRM-CM6-1_abrupt-4xCO2_r1i1p1f2_rtmt.npy
311,CAMS-CSM1-0,1pctCO2,r1i1p1f1,tos,pangeo_data/CAMS-CSM1-0_1pctCO2_r1i1p1f1_tos.npy
312,HadGEM3-GC31-LL,1pctCO2,r1i1p1f3,tos,pangeo_data/HadGEM3-GC31-LL_1pctCO2_r1i1p1f3_tos.npy
313,MRI-ESM2-0,1pctCO2,r1i2p1f1,ts,pangeo_data/MRI-ESM2-0_1pctCO2_r1i2p1f1_ts.npy
314,CNRM-ESM2-1,1pctCO2,r4i1p1f2,rsut,pangeo_data/CNRM-ESM2-1_1pctCO2_r4i1p1f2_rsut.npy
315,CanESM5,piControl,r1i1p1f1,ts,pangeo_data/CanESM5_piControl_r1i1p1f1_ts.npy
316,IPSL-CM6A-LR,abrupt-4xCO2,r3i1p1f1,ts,pangeo_data/IPSL-CM6A-LR_abrupt-4xCO2_r3i1p1f1_ts.npy
317,CNRM-CM6-1,abrupt-4xCO2,r4i1p1f2,rsdt,pangeo_data/CNRM-CM6-1_abrupt-4xCO2_r4i1p1f2_rsdt.npy
318,MPI-ESM1-2-HR,abrupt-4xCO2,r1i1p1f1,rsut,pangeo_data/MPI-ESM1-2-HR_abrupt-4xCO2_r1i1p1f1_rsut.npy
319,MRI-ESM2-0,abrupt-4xCO2,r5i1p1f1,rsut,pangeo_data/MRI-ESM2-0_abrupt-4xCO2_r5i1p1f1_rsut.npy
320,CNRM-ESM2-1,abrupt-4xCO2,r3i1p1f2,rsut,pangeo_data/CNRM-ESM2-1_abrupt-4xCO2_r3i1p1f2_rsut.npy
321,CESM2,abrupt-4xCO2,r1i1p1f1,tos,pangeo_data/CESM2_abrupt-4xCO2_r1i1p1f1_tos.npy
322,BCC-CSM2-MR,1pctCO2,r1i1p1f1,ts,pangeo_data/BCC-CSM2-MR_1pctCO2_r1i1p1f1_ts.npy
323,GISS-E2-1-G,piControl,r102i1p1f1,ts,pangeo_data/GISS-E2-1-G_piControl_r102i1p1f1_ts.npy
324,HadGEM3-GC31-LL,1pctCO2,r4i1p1f3,ts,pangeo_data/HadGEM3-GC31-LL_1pctCO2_r4i1p1f3_ts.npy
325,CNRM-CM6-1,abrupt-4xCO2,r6i1p1f2,rlut,pangeo_data/CNRM-CM6-1_abrupt-4xCO2_r6i1p1f2_rlut.npy
326,MRI-ESM2-0,piControl,r1i1p1f1,mlotst,pangeo_data/MRI-ESM2-0_piControl_r1i1p1f1_mlotst.npy
327,CNRM-CM6-1,abrupt-4xCO2,r3i1p1f2,rsdt,pangeo_data/CNRM-CM6-1_abrupt-4xCO2_r3i1p1f2_rsdt.npy
328,GISS-E2-2-G,piControl,r1i1p1f1,tos,pangeo_data/GISS-E2-2-G_piControl_r1i1p1f1_tos.npy
329,CNRM-CM6-1,1pctCO2,r1i1p1f2,ts,pangeo_data/CNRM-CM6-1_1pctCO2_r1i1p1f2_ts.npy
330,IPSL-CM6A-LR,abrupt-4xCO2,r4i1p1f1,ts,pangeo_data/IPSL-CM6A-LR_abrupt-4xCO2_r4i1p1f1_ts.npy
331,CNRM-CM6-1,abrupt-4xCO2,r6i1p1f2,rtmt,pangeo_data/CNRM-CM6-1_abrupt-4xCO2_r6i1p1f2_rtmt.npy
332,CNRM-CM6-1,abrupt-4xCO2,r4i1p1f2,ts,pangeo_data/CNRM-CM6-1_abrupt-4xCO2_r4i1p1f2_ts.npy
333,AWI-CM-1-1-MR,1pctCO2,r1i1p1f1,tos,pangeo_data/AWI-CM-1-1-MR_1pctCO2_r1i1p1f1_tos.npy
334,MRI-ESM2-0,1pctCO2,r1i1p1f1,tos,pangeo_data/MRI-ESM2-0_1pctCO2_r1i1p1f1_tos.npy
335,MPI-ESM-1-2-HAM,piControl,r1i1p1f1,mlotst,pangeo_data/MPI-ESM-1-2-HAM_piControl_r1i1p1f1_mlotst.npy
336,MPI-ESM1-2-LR,1pctCO2,r1i1p1f1,mlotst,pangeo_data/MPI-ESM1-2-LR_1pctCO2_r1i1p1f1_mlotst.npy
337,MRI-ESM2-0,abrupt-4xCO2,r12i1p1f1,rtmt,pangeo_data/MRI-ESM2-0_abrupt-4xCO2_r12i1p1f1_rtmt.npy
338,MRI-ESM2-0,abrupt-4xCO2,r6i1p1f1,rlut,pangeo_data/MRI-ESM2-0_abrupt-4xCO2_r6i1p1f1_rlut.npy
339,IPSL-CM6A-LR,abrupt-4xCO2,r10i1p1f1,tos,pangeo_data/IPSL-CM6A-LR_abrupt-4xCO2_r10i1p1f1_tos.npy
340,HadGEM3-GC31-LL,abrupt-4xCO2,r1i1p1f3,tos,pangeo_data/HadGEM3-GC31-LL_abrupt-4xCO2_r1i1p1f3_tos.npy
341,GISS-E2-1-G,abrupt-4xCO2,r1i1p1f1,ts,pangeo_data/GISS-E2-1-G_abrupt-4xCO2_r1i1p1f1_ts.npy
342,UKESM1-0-LL,1pctCO2,r4i1p1f2,tos,pangeo_data/UKESM1-0-LL_1pctCO2_r4i1p1f2_tos.npy
343,GISS-E2-1-G,piControl,r1i1p1f3,tos,pangeo_data/GISS-E2-1-G_piControl_r1i1p1f3_tos.npy
344,MRI-ESM2-0,abrupt-4xCO2,r1i2p1f1,rsdt,pangeo_data/MRI-ESM2-0_abrupt-4xCO2_r1i2p1f1_rsdt.npy
345,MRI-ESM2-0,abrupt-4xCO2,r9i1p1f1,rsdt,pangeo_data/MRI-ESM2-0_abrupt-4xCO2_r9i1p1f1_rsdt.npy
346,MRI-ESM2-0,abrupt-4xCO2,r11i1p1f1,ts,pangeo_data/MRI-ESM2-0_abrupt-4xCO2_r11i1p1f1_ts.npy
347,CanESM5,1pctCO2,r3i1p1f1,tos,pangeo_data/CanESM5_1pctCO2_r3i1p1f1_tos.npy
348,IPSL-CM6A-LR,abrupt-4xCO2,r6i1p1f1,tos,pangeo_data/IPSL-CM6A-LR_abrupt-4xCO2_r6i1p1f1_tos.npy
349,CESM2-WACCM,piControl,r1i1p1f1,ts,pangeo_data/CESM2-WACCM_piControl_r1i1p1f1_ts.npy
350,CNRM-CM6-1,abrupt-4xCO2,r2i1p1f2,rlut,pangeo_data/CNRM-CM6-1_abrupt-4xCO2_r2i1p1f2_rlut.npy
351,MRI-ESM2-0,1pctCO2,r1i2p1f1,rsut,pangeo_data/MRI-ESM2-0_1pctCO2_r1i2p1f1_rsut.npy
352,MRI-ESM2-0,abrupt-4xCO2,r4i1p1f1,rtmt,pangeo_data/MRI-ESM2-0_abrupt-4xCO2_r4i1p1f1_rtmt.npy
353,CanESM5,piControl,r1i1p1f1,tos,pangeo_data/CanESM5_piControl_r1i1p1f1_tos.npy
354,E3SM-1-0,1pctCO2,r1i1p1f1,ts,pangeo_data/E3SM-1-0_1pctCO2_r1i1p1f1_ts.npy
355,CNRM-CM6-1,abrupt-4xCO2,r5i1p1f2,rlut,pangeo_data/CNRM-CM6-1_abrupt-4xCO2_r5i1p1f2_rlut.npy
356,CAMS-CSM1-0,piControl,r1i1p1f1,ts,pangeo_data/CAMS-CSM1-0_piControl_r1i1p1f1_ts.npy
357,CESM2-WACCM-FV2,piControl,r1i1p1f1,tos,pangeo_data/CESM2-WACCM-FV2_piControl_r1i1p1f1_tos.npy
358,EC-Earth3-Veg,piControl,r1i1p1f1,mlotst,pangeo_data/EC-Earth3-Veg_piControl_r1i1p1f1_mlotst.npy
359,MRI-ESM2-0,abrupt-4xCO2,r2i1p1f1,rtmt,pangeo_data/MRI-ESM2-0_abrupt-4xCO2_r2i1p1f1_rtmt.npy
360,MRI-ESM2-0,abrupt-4xCO2,r5i1p1f1,rsdt,pangeo_data/MRI-ESM2-0_abrupt-4xCO2_r5i1p1f1_rsdt.npy
361,MRI-ESM2-0,abrupt-4xCO2,r6i1p1f1,rsut,pangeo_data/MRI-ESM2-0_abrupt-4xCO2_r6i1p1f1_rsut.npy
362,MRI-ESM2-0,abrupt-4xCO2,r11i1p1f1,rsut,pangeo_data/MRI-ESM2-0_abrupt-4xCO2_r11i1p1f1_rsut.npy
363,CanESM5,1pctCO2,r1i1p2f1,mlotst,pangeo_data/CanESM5_1pctCO2_r1i1p2f1_mlotst.npy
364,CNRM-ESM2-1,1pctCO2,r2i1p1f2,tos,pangeo_data/CNRM-ESM2-1_1pctCO2_r2i1p1f2_tos.npy
365,MPI-ESM1-2-HR,abrupt-4xCO2,r1i1p1f1,rsdt,pangeo_data/MPI-ESM1-2-HR_abrupt-4xCO2_r1i1p1f1_rsdt.npy
366,IPSL-CM6A-LR,piControl,r1i2p1f1,mlotst,pangeo_data/IPSL-CM6A-LR_piControl_r1i2p1f1_mlotst.npy
367,AWI-CM-1-1-MR,abrupt-4xCO2,r1i1p1f1,rsdt,pangeo_data/AWI-CM-1-1-MR_abrupt-4xCO2_r1i1p1f1_rsdt.npy
368,MRI-ESM2-0,abrupt-4xCO2,r13i1p1f1,rtmt,pangeo_data/MRI-ESM2-0_abrupt-4xCO2_r13i1p1f1_rtmt.npy
369,MRI-ESM2-0,abrupt-4xCO2,r8i1p1f1,ts,pangeo_data/MRI-ESM2-0_abrupt-4xCO2_r8i1p1f1_ts.npy
370,CNRM-CM6-1,abrupt-4xCO2,r1i1p1f2,rsut,pangeo_data/CNRM-CM6-1_abrupt-4xCO2_r1i1p1f2_rsut.npy
371,HadGEM3-GC31-LL,piControl,r1i1p1f1,ts,pangeo_data/HadGEM3-GC31-LL_piControl_r1i1p1f1_ts.npy
372,HadGEM3-GC31-LL,1pctCO2,r3i1p1f3,ts,pangeo_data/HadGEM3-GC31-LL_1pctCO2_r3i1p1f3_ts.npy
373,CNRM-CM6-1,abrupt-4xCO2,r3i1p1f2,tos,pangeo_data/CNRM-CM6-1_abrupt-4xCO2_r3i1p1f2_tos.npy
374,IPSL-CM6A-LR,abrupt-4xCO2,r5i1p1f1,ts,pangeo_data/IPSL-CM6A-LR_abrupt-4xCO2_r5i1p1f1_ts.npy
375,CAMS-CSM1-0,abrupt-4xCO2,r2i1p1f1,ts,pangeo_data/CAMS-CSM1-0_abrupt-4xCO2_r2i1p1f1_ts.npy
376,CNRM-ESM2-1,abrupt-4xCO2,r2i1p1f2,rtmt,pangeo_data/CNRM-ESM2-1_abrupt-4xCO2_r2i1p1f2_rtmt.npy
377,MRI-ESM2-0,abrupt-4xCO2,r13i1p1f1,ts,pangeo_data/MRI-ESM2-0_abrupt-4xCO2_r13i1p1f1_ts.npy
378,MRI-ESM2-0,1pctCO2,r1i1p1f1,rsdt,pangeo_data/MRI-ESM2-0_1pctCO2_r1i1p1f1_rsdt.npy
379,GISS-E2-1-G-CC,piControl,r1i1p1f1,mlotst,pangeo_data/GISS-E2-1-G-CC_piControl_r1i1p1f1_mlotst.npy
380,CAMS-CSM1-0,1pctCO2,r1i1p1f1,rsdt,pangeo_data/CAMS-CSM1-0_1pctCO2_r1i1p1f1_rsdt.npy
381,ACCESS-CM2,piControl,r1i1p1f1,ts,pangeo_data/ACCESS-CM2_piControl_r1i1p1f1_ts.npy
382,AWI-CM-1-1-MR,abrupt-4xCO2,r1i1p1f1,rlut,pangeo_data/AWI-CM-1-1-MR_abrupt-4xCO2_r1i1p1f1_rlut.npy
383,ACCESS-ESM1-5,piControl,r1i1p1f1,ts,pangeo_data/ACCESS-ESM1-5_piControl_r1i1p1f1_ts.npy
384,GISS-E2-1-G,1pctCO2,r1i1p1f1,tos,pangeo_data/GISS-E2-1-G_1pctCO2_r1i1p1f1_tos.npy
385,BCC-ESM1,abrupt-4xCO2,r1i1p1f1,ts,pangeo_data/BCC-ESM1_abrupt-4xCO2_r1i1p1f1_ts.npy
386,MRI-ESM2-0,abrupt-4xCO2,r12i1p1f1,rsut,pangeo_data/MRI-ESM2-0_abrupt-4xCO2_r12i1p1f1_rsut.npy
387,CAMS-CSM1-0,abrupt-4xCO2,r1i1p1f1,ts,pangeo_data/CAMS-CSM1-0_abrupt-4xCO2_r1i1p1f1_ts.npy
388,CNRM-CM6-1,piControl,r1i1p1f2,tos,pangeo_data/CNRM-CM6-1_piControl_r1i1p1f2_tos.npy
389,GISS-E2-1-G,abrupt-4xCO2,r1i1p3f1,ts,pangeo_data/GISS-E2-1-G_abrupt-4xCO2_r1i1p3f1_ts.npy
390,CNRM-CM6-1,abrupt-4xCO2,r4i1p1f2,rtmt,pangeo_data/CNRM-CM6-1_abrupt-4xCO2_r4i1p1f2_rtmt.npy
391,CAMS-CSM1-0,abrupt-4xCO2,r1i1p1f1,rlut,pangeo_data/CAMS-CSM1-0_abrupt-4xCO2_r1i1p1f1_rlut.npy
392,CNRM-CM6-1,abrupt-4xCO2,r5i1p1f2,rsut,pangeo_data/CNRM-CM6-1_abrupt-4xCO2_r5i1p1f2_rsut.npy
393,MRI-ESM2-0,abrupt-4xCO2,r4i1p1f1,rsut,pangeo_data/MRI-ESM2-0_abrupt-4xCO2_r4i1p1f1_rsut.npy
394,UKESM1-0-LL,abrupt-4xCO2,r1i1p1f2,ts,pangeo_data/UKESM1-0-LL_abrupt-4xCO2_r1i1p1f2_ts.npy
395,GISS-E2-1-G-CC,piControl,r1i1p1f1,ts,pangeo_data/GISS-E2-1-G-CC_piControl_r1i1p1f1_ts.npy
396,MRI-ESM2-0,abrupt-4xCO2,r5i1p1f1,rlut,pangeo_data/MRI-ESM2-0_abrupt-4xCO2_r5i1p1f1_rlut.npy
397,CNRM-ESM2-1,abrupt-4xCO2,r2i1p1f2,tos,pangeo_data/CNRM-ESM2-1_abrupt-4xCO2_r2i1p1f2_tos.npy
398,UKESM1-0-LL,piControl,r1i1p1f2,mlotst,pangeo_data/UKESM1-0-LL_piControl_r1i1p1f2_mlotst.npy
399,MRI-ESM2-0,abrupt-4xCO2,r4i1p1f1,rlut,pangeo_data/MRI-ESM2-0_abrupt-4xCO2_r4i1p1f1_rlut.npy
400,GISS-E2-1-G,1pctCO2,r102i1p1f1,tos,pangeo_data/GISS-E2-1-G_1pctCO2_r102i1p1f1_tos.npy
401,NESM3,abrupt-4xCO2,r1i1p1f1,rsut,pangeo_data/NESM3_abrupt-4xCO2_r1i1p1f1_rsut.npy
402,BCC-ESM1,piControl,r1i1p1f1,mlotst,pangeo_data/BCC-ESM1_piControl_r1i1p1f1_mlotst.npy
403,MPI-ESM1-2-LR,1pctCO2,r1i1p1f1,rlut,pangeo_data/MPI-ESM1-2-LR_1pctCO2_r1i1p1f1_rlut.npy
404,CESM2-WACCM,1pctCO2,r1i1p1f1,ts,pangeo_data/CESM2-WACCM_1pctCO2_r1i1p1f1_ts.npy
405,IPSL-CM6A-LR,abrupt-4xCO2,r12i1p1f1,tos,pangeo_data/IPSL-CM6A-LR_abrupt-4xCO2_r12i1p1f1_tos.npy
406,IPSL-CM6A-LR,abrupt-4xCO2,r3i1p1f1,tos,pangeo_data/IPSL-CM6A-LR_abrupt-4xCO2_r3i1p1f1_tos.npy
407,MRI-ESM2-0,abrupt-4xCO2,r8i1p1f1,rsdt,pangeo_data/MRI-ESM2-0_abrupt-4xCO2_r8i1p1f1_rsdt.npy
408,NESM3,abrupt-4xCO2,r1i1p1f1,rlut,pangeo_data/NESM3_abrupt-4xCO2_r1i1p1f1_rlut.npy
409,CNRM-ESM2-1,1pctCO2,r3i1p1f2,rsut,pangeo_data/CNRM-ESM2-1_1pctCO2_r3i1p1f2_rsut.npy
410,IPSL-CM6A-LR,abrupt-4xCO2,r8i1p1f1,tos,pangeo_data/IPSL-CM6A-LR_abrupt-4xCO2_r8i1p1f1_tos.npy
411,CNRM-ESM2-1,abrupt-4xCO2,r3i1p1f2,rsdt,pangeo_data/CNRM-ESM2-1_abrupt-4xCO2_r3i1p1f2_rsdt.npy
412,ACCESS-CM2,1pctCO2,r1i1p1f1,tos,pangeo_data/ACCESS-CM2_1pctCO2_r1i1p1f1_tos.npy
413,MRI-ESM2-0,abrupt-4xCO2,r13i1p1f1,rsdt,pangeo_data/MRI-ESM2-0_abrupt-4xCO2_r13i1p1f1_rsdt.npy
414,CNRM-CM6-1,abrupt-4xCO2,r1i1p1f2,ts,pangeo_data/CNRM-CM6-1_abrupt-4xCO2_r1i1p1f2_ts.npy
415,CNRM-ESM2-1,abrupt-4xCO2,r2i1p1f2,ts,pangeo_data/CNRM-ESM2-1_abrupt-4xCO2_r2i1p1f2_ts.npy
416,CNRM-ESM2-1,1pctCO2,r3i1p1f2,rlut,pangeo_data/CNRM-ESM2-1_1pctCO2_r3i1p1f2_rlut.npy
417,CESM2,piControl,r1i1p1f1,ts,pangeo_data/CESM2_piControl_r1i1p1f1_ts.npy
418,IPSL-CM6A-LR,abrupt-4xCO2,r2i1p1f1,ts,pangeo_data/IPSL-CM6A-LR_abrupt-4xCO2_r2i1p1f1_ts.npy
419,UKESM1-0-LL,abrupt-4xCO2,r1i1p1f2,tos,pangeo_data/UKESM1-0-LL_abrupt-4xCO2_r1i1p1f2_tos.npy
420,NorESM2-MM,abrupt-4xCO2,r1i1p1f1,ts,pangeo_data/NorESM2-MM_abrupt-4xCO2_r1i1p1f1_ts.npy
421,CNRM-CM6-1,abrupt-4xCO2,r5i1p1f2,rsdt,pangeo_data/CNRM-CM6-1_abrupt-4xCO2_r5i1p1f2_rsdt.npy
422,CAMS-CSM1-0,1pctCO2,r2i1p1f1,rsut,pangeo_data/CAMS-CSM1-0_1pctCO2_r2i1p1f1_rsut.npy
423,IPSL-CM6A-LR,abrupt-4xCO2,r7i1p1f1,ts,pangeo_data/IPSL-CM6A-LR_abrupt-4xCO2_r7i1p1f1_ts.npy
424,CESM2-WACCM-FV2,piControl,r1i1p1f1,ts,pangeo_data/CESM2-WACCM-FV2_piControl_r1i1p1f1_ts.npy
425,MRI-ESM2-0,abrupt-4xCO2,r4i1p1f1,ts,pangeo_data/MRI-ESM2-0_abrupt-4xCO2_r4i1p1f1_ts.npy
426,CNRM-CM6-1,abrupt-4xCO2,r2i1p1f2,tos,pangeo_data/CNRM-CM6-1_abrupt-4xCO2_r2i1p1f2_tos.npy
427,CNRM-ESM2-1,1pctCO2,r4i1p1f2,tos,pangeo_data/CNRM-ESM2-1_1pctCO2_r4i1p1f2_tos.npy
428,CAMS-CSM1-0,1pctCO2,r1i1p1f1,rsut,pangeo_data/CAMS-CSM1-0_1pctCO2_r1i1p1f1_rsut.npy
429,GISS-E2-1-G,1pctCO2,r1i1p1f1,ts,pangeo_data/GISS-E2-1-G_1pctCO2_r1i1p1f1_ts.npy
430,IPSL-CM6A-LR,abrupt-4xCO2,r2i1p1f1,tos,pangeo_data/IPSL-CM6A-LR_abrupt-4xCO2_r2i1p1f1_tos.npy
431,CAMS-CSM1-0,1pctCO2,r1i1p1f1,rlut,pangeo_data/CAMS-CSM1-0_1pctCO2_r1i1p1f1_rlut.npy
432,MRI-ESM2-0,abrupt-4xCO2,r4i1p1f1,rsdt,pangeo_data/MRI-ESM2-0_abrupt-4xCO2_r4i1p1f1_rsdt.npy
433,MRI-ESM2-0,abrupt-4xCO2,r7i1p1f1,rsdt,pangeo_data/MRI-ESM2-0_abrupt-4xCO2_r7i1p1f1_rsdt.npy
434,CNRM-CM6-1,abrupt-4xCO2,r6i1p1f2,rsdt,pangeo_data/CNRM-CM6-1_abrupt-4xCO2_r6i1p1f2_rsdt.npy
435,MPI-ESM1-2-HR,1pctCO2,r1i1p1f1,rsdt,pangeo_data/MPI-ESM1-2-HR_1pctCO2_r1i1p1f1_rsdt.npy
436,NESM3,piControl,r1i1p1f1,ts,pangeo_data/NESM3_piControl_r1i1p1f1_ts.npy
437,NESM3,abrupt-4xCO2,r1i1p1f1,rtmt,pangeo_data/NESM3_abrupt-4xCO2_r1i1p1f1_rtmt.npy
0,MIROC-ES2L,1pctCO2,r1i1p1f2,rtmt,manual_data/MIROC-ES2L_1pctCO2_r1i1p1f2_rtmt.npy
1,MIROC6,1pctCO2,r1i1p1f1,rtmt,manual_data/MIROC6_1pctCO2_r1i1p1f1_rtmt.npy
2,UKESM1-0-LL,1pctCO2,r3i1p1f2,rtmt,manual_data/UKESM1-0-LL_1pctCO2_r3i1p1f2_rtmt.npy
3,AWI-CM-1-1-MR,1pctCO2,r1i1p1f1,mlotst,manual_data/AWI-CM-1-1-MR_1pctCO2_r1i1p1f1_mlotst.npy
4,FGOALS-g3,abrupt-4xCO2,r1i1p1f1,rtmt,manual_data/FGOALS-g3_abrupt-4xCO2_r1i1p1f1_rtmt.npy
5,CanESM5,1pctCO2,r2i1p1f1,rtmt,manual_data/CanESM5_1pctCO2_r2i1p1f1_rtmt.npy
6,E3SM-1-0,abrupt-4xCO2,r1i1p1f1,rtmt,manual_data/E3SM-1-0_abrupt-4xCO2_r1i1p1f1_rtmt.npy
7,CanESM5,1pctCO2,r1i1p2f1,rtmt,manual_data/CanESM5_1pctCO2_r1i1p2f1_rtmt.npy
8,GISS-E2-1-G,1pctCO2,r101i1p1f1,mlotst,manual_data/GISS-E2-1-G_1pctCO2_r101i1p1f1_mlotst.npy
9,CNRM-ESM2-1,abrupt-4xCO2,r3i1p1f2,mlotst,manual_data/CNRM-ESM2-1_abrupt-4xCO2_r3i1p1f2_mlotst.npy
10,NorESM2-LM,abrupt-4xCO2,r1i1p1f1,mlotst,manual_data/NorESM2-LM_abrupt-4xCO2_r1i1p1f1_mlotst.npy
11,CESM2-FV2,1pctCO2,r1i1p1f1,rtmt,manual_data/CESM2-FV2_1pctCO2_r1i1p1f1_rtmt.npy
12,CNRM-ESM2-1,1pctCO2,r3i1p1f2,mlotst,manual_data/CNRM-ESM2-1_1pctCO2_r3i1p1f2_mlotst.npy
13,CNRM-CM6-1,abrupt-4xCO2,r2i1p1f2,mlotst,manual_data/CNRM-CM6-1_abrupt-4xCO2_r2i1p1f2_mlotst.npy
14,ACCESS-ESM1-5,abrupt-4xCO2,r1i1p1f1,rtmt,manual_data/ACCESS-ESM1-5_abrupt-4xCO2_r1i1p1f1_rtmt.npy
15,IPSL-CM6A-LR,abrupt-4xCO2,r8i1p1f1,mlotst,manual_data/IPSL-CM6A-LR_abrupt-4xCO2_r8i1p1f1_mlotst.npy
16,CNRM-ESM2-1,1pctCO2,r4i1p1f2,mlotst,manual_data/CNRM-ESM2-1_1pctCO2_r4i1p1f2_mlotst.npy
17,IPSL-CM6A-LR,abrupt-4xCO2,r3i1p1f1,mlotst,manual_data/IPSL-CM6A-LR_abrupt-4xCO2_r3i1p1f1_mlotst.npy
18,EC-Earth3,abrupt-4xCO2,r3i1p1f1,rtmt,manual_data/EC-Earth3_abrupt-4xCO2_r3i1p1f1_rtmt.npy
19,NorESM2-MM,abrupt-4xCO2,r1i1p1f1,mlotst,manual_data/NorESM2-MM_abrupt-4xCO2_r1i1p1f1_mlotst.npy
20,UKESM1-0-LL,1pctCO2,r2i1p1f2,mlotst,manual_data/UKESM1-0-LL_1pctCO2_r2i1p1f2_mlotst.npy
21,HadGEM3-GC31-LL,1pctCO2,r3i1p1f3,mlotst,manual_data/HadGEM3-GC31-LL_1pctCO2_r3i1p1f3_mlotst.npy
22,INM-CM4-8,abrupt-4xCO2,r1i1p1f1,rtmt,manual_data/INM-CM4-8_abrupt-4xCO2_r1i1p1f1_rtmt.npy
23,EC-Earth3-Veg,abrupt-4xCO2,r1i1p1f1,rtmt,manual_data/EC-Earth3-Veg_abrupt-4xCO2_r1i1p1f1_rtmt.npy
24,FGOALS-f3-L,abrupt-4xCO2,r1i1p1f1,mlotst,manual_data/FGOALS-f3-L_abrupt-4xCO2_r1i1p1f1_mlotst.npy
25,ACCESS-CM2,abrupt-4xCO2,r1i1p1f1,rtmt,manual_data/ACCESS-CM2_abrupt-4xCO2_r1i1p1f1_rtmt.npy
26,CESM2,abrupt-4xCO2,r1i1p1f1,rtmt,manual_data/CESM2_abrupt-4xCO2_r1i1p1f1_rtmt.npy
27,BCC-ESM1,1pctCO2,r1i1p1f1,mlotst,manual_data/BCC-ESM1_1pctCO2_r1i1p1f1_mlotst.npy
28,CanESM5,1pctCO2,r2i1p2f1,rtmt,manual_data/CanESM5_1pctCO2_r2i1p2f1_rtmt.npy
29,HadGEM3-GC31-LL,1pctCO2,r1i1p1f3,mlotst,manual_data/HadGEM3-GC31-LL_1pctCO2_r1i1p1f3_mlotst.npy
30,IPSL-CM6A-LR,abrupt-4xCO2,r12i1p1f1,mlotst,manual_data/IPSL-CM6A-LR_abrupt-4xCO2_r12i1p1f1_mlotst.npy
31,BCC-CSM2-MR,1pctCO2,r1i1p1f1,mlotst,manual_data/BCC-CSM2-MR_1pctCO2_r1i1p1f1_mlotst.npy
32,CanESM5,1pctCO2,r3i1p2f1,rtmt,manual_data/CanESM5_1pctCO2_r3i1p2f1_rtmt.npy
33,NorESM2-MM,abrupt-4xCO2,r1i1p1f1,rtmt,manual_data/NorESM2-MM_abrupt-4xCO2_r1i1p1f1_rtmt.npy
34,NorESM2-LM,1pctCO2,r1i1p1f1,rtmt,manual_data/NorESM2-LM_1pctCO2_r1i1p1f1_rtmt.npy
35,ACCESS-ESM1-5,abrupt-4xCO2,r1i1p1f1,mlotst,manual_data/ACCESS-ESM1-5_abrupt-4xCO2_r1i1p1f1_mlotst.npy
36,NorCPM1,abrupt-4xCO2,r1i1p1f1,rtmt,manual_data/NorCPM1_abrupt-4xCO2_r1i1p1f1_rtmt.npy
37,NorCPM1,1pctCO2,r1i1p1f1,mlotst,manual_data/NorCPM1_1pctCO2_r1i1p1f1_mlotst.npy
38,UKESM1-0-LL,1pctCO2,r4i1p1f2,mlotst,manual_data/UKESM1-0-LL_1pctCO2_r4i1p1f2_mlotst.npy
39,CNRM-CM6-1,abrupt-4xCO2,r5i1p1f2,mlotst,manual_data/CNRM-CM6-1_abrupt-4xCO2_r5i1p1f2_mlotst.npy
40,CNRM-ESM2-1,abrupt-4xCO2,r2i1p1f2,mlotst,manual_data/CNRM-ESM2-1_abrupt-4xCO2_r2i1p1f2_mlotst.npy
41,ACCESS-ESM1-5,1pctCO2,r1i1p1f1,rtmt,manual_data/ACCESS-ESM1-5_1pctCO2_r1i1p1f1_rtmt.npy
42,EC-Earth3-Veg,1pctCO2,r1i1p1f1,rtmt,manual_data/EC-Earth3-Veg_1pctCO2_r1i1p1f1_rtmt.npy
43,MPI-ESM1-2-HR,1pctCO2,r1i1p1f1,mlotst,manual_data/MPI-ESM1-2-HR_1pctCO2_r1i1p1f1_mlotst.npy
44,CanESM5,abrupt-4xCO2,r1i1p1f1,rtmt,manual_data/CanESM5_abrupt-4xCO2_r1i1p1f1_rtmt.npy
45,CanESM5,1pctCO2,r1i1p1f1,mlotst,manual_data/CanESM5_1pctCO2_r1i1p1f1_mlotst.npy
46,UKESM1-0-LL,abrupt-4xCO2,r1i1p1f2,mlotst,manual_data/UKESM1-0-LL_abrupt-4xCO2_r1i1p1f2_mlotst.npy
47,HadGEM3-GC31-LL,1pctCO2,r4i1p1f3,rtmt,manual_data/HadGEM3-GC31-LL_1pctCO2_r4i1p1f3_rtmt.npy
48,IPSL-CM6A-LR,abrupt-4xCO2,r7i1p1f1,mlotst,manual_data/IPSL-CM6A-LR_abrupt-4xCO2_r7i1p1f1_mlotst.npy
49,NorESM2-MM,1pctCO2,r1i1p1f1,rtmt,manual_data/NorESM2-MM_1pctCO2_r1i1p1f1_rtmt.npy
50,ACCESS-ESM1-5,1pctCO2,r1i1p1f1,mlotst,manual_data/ACCESS-ESM1-5_1pctCO2_r1i1p1f1_mlotst.npy
51,GISS-E2-1-G,1pctCO2,r101i1p1f1,rtmt,manual_data/GISS-E2-1-G_1pctCO2_r101i1p1f1_rtmt.npy
52,MPI-ESM1-2-HR,abrupt-4xCO2,r1i1p1f1,mlotst,manual_data/MPI-ESM1-2-HR_abrupt-4xCO2_r1i1p1f1_mlotst.npy
53,CAS-ESM2-0,abrupt-4xCO2,r1i1p1f1,mlotst,manual_data/CAS-ESM2-0_abrupt-4xCO2_r1i1p1f1_mlotst.npy
54,NorESM2-LM,abrupt-4xCO2,r1i1p1f1,rtmt,manual_data/NorESM2-LM_abrupt-4xCO2_r1i1p1f1_rtmt.npy
55,IPSL-CM6A-LR,abrupt-4xCO2,r4i1p1f1,mlotst,manual_data/IPSL-CM6A-LR_abrupt-4xCO2_r4i1p1f1_mlotst.npy
56,UKESM1-0-LL,1pctCO2,r2i1p1f2,rtmt,manual_data/UKESM1-0-LL_1pctCO2_r2i1p1f2_rtmt.npy
57,CNRM-CM6-1,abrupt-4xCO2,r6i1p1f2,mlotst,manual_data/CNRM-CM6-1_abrupt-4xCO2_r6i1p1f2_mlotst.npy
58,ACCESS-CM2,abrupt-4xCO2,r1i1p1f1,mlotst,manual_data/ACCESS-CM2_abrupt-4xCO2_r1i1p1f1_mlotst.npy
59,UKESM1-0-LL,1pctCO2,r4i1p1f2,rtmt,manual_data/UKESM1-0-LL_1pctCO2_r4i1p1f2_rtmt.npy
60,FGOALS-f3-L,1pctCO2,r1i1p1f1,mlotst,manual_data/FGOALS-f3-L_1pctCO2_r1i1p1f1_mlotst.npy
61,IPSL-CM6A-LR,abrupt-4xCO2,r1i1p1f1,mlotst,manual_data/IPSL-CM6A-LR_abrupt-4xCO2_r1i1p1f1_mlotst.npy
62,IPSL-CM6A-LR,abrupt-4xCO2,r5i1p1f1,mlotst,manual_data/IPSL-CM6A-LR_abrupt-4xCO2_r5i1p1f1_mlotst.npy
63,UKESM1-0-LL,1pctCO2,r3i1p1f2,mlotst,manual_data/UKESM1-0-LL_1pctCO2_r3i1p1f2_mlotst.npy
64,ACCESS-CM2,1pctCO2,r1i1p1f1,mlotst,manual_data/ACCESS-CM2_1pctCO2_r1i1p1f1_mlotst.npy
65,CNRM-ESM2-1,abrupt-4xCO2,r1i1p1f2,mlotst,manual_data/CNRM-ESM2-1_abrupt-4xCO2_r1i1p1f2_mlotst.npy
66,CESM2-WACCM-FV2,1pctCO2,r1i1p1f1,mlotst,manual_data/CESM2-WACCM-FV2_1pctCO2_r1i1p1f1_mlotst.npy
67,IPSL-CM6A-LR,abrupt-4xCO2,r10i1p1f1,mlotst,manual_data/IPSL-CM6A-LR_abrupt-4xCO2_r10i1p1f1_mlotst.npy
68,CanESM5,1pctCO2,r1i1p1f1,rtmt,manual_data/CanESM5_1pctCO2_r1i1p1f1_rtmt.npy
69,CNRM-CM6-1,1pctCO2,r1i1p1f2,mlotst,manual_data/CNRM-CM6-1_1pctCO2_r1i1p1f2_mlotst.npy
70,HadGEM3-GC31-LL,1pctCO2,r2i1p1f3,mlotst,manual_data/HadGEM3-GC31-LL_1pctCO2_r2i1p1f3_mlotst.npy
71,HadGEM3-GC31-LL,1pctCO2,r1i1p1f3,rtmt,manual_data/HadGEM3-GC31-LL_1pctCO2_r1i1p1f3_rtmt.npy
72,CanESM5,1pctCO2,r3i1p2f1,mlotst,manual_data/CanESM5_1pctCO2_r3i1p2f1_mlotst.npy
73,IPSL-CM6A-LR,abrupt-4xCO2,r9i1p1f1,mlotst,manual_data/IPSL-CM6A-LR_abrupt-4xCO2_r9i1p1f1_mlotst.npy
74,INM-CM4-8,1pctCO2,r1i1p1f1,rtmt,manual_data/INM-CM4-8_1pctCO2_r1i1p1f1_rtmt.npy
75,CESM2,abrupt-4xCO2,r1i1p1f1,mlotst,manual_data/CESM2_abrupt-4xCO2_r1i1p1f1_mlotst.npy
76,UKESM1-0-LL,abrupt-4xCO2,r1i1p1f2,rtmt,manual_data/UKESM1-0-LL_abrupt-4xCO2_r1i1p1f2_rtmt.npy
77,FGOALS-f3-L,1pctCO2,r3i1p1f1,mlotst,manual_data/FGOALS-f3-L_1pctCO2_r3i1p1f1_mlotst.npy
78,CESM2-WACCM-FV2,1pctCO2,r1i1p1f1,rtmt,manual_data/CESM2-WACCM-FV2_1pctCO2_r1i1p1f1_rtmt.npy
79,CNRM-CM6-1,abrupt-4xCO2,r1i1p1f2,mlotst,manual_data/CNRM-CM6-1_abrupt-4xCO2_r1i1p1f2_mlotst.npy
80,MCM-UA-1-0,abrupt-4xCO2,r1i1p1f1,rtmt,manual_data/MCM-UA-1-0_abrupt-4xCO2_r1i1p1f1_rtmt.npy
81,AWI-CM-1-1-MR,abrupt-4xCO2,r1i1p1f1,mlotst,manual_data/AWI-CM-1-1-MR_abrupt-4xCO2_r1i1p1f1_mlotst.npy
82,CNRM-ESM2-1,1pctCO2,r1i1p1f2,mlotst,manual_data/CNRM-ESM2-1_1pctCO2_r1i1p1f2_mlotst.npy
83,FGOALS-f3-L,abrupt-4xCO2,r2i1p1f1,mlotst,manual_data/FGOALS-f3-L_abrupt-4xCO2_r2i1p1f1_mlotst.npy
84,IPSL-CM6A-LR,1pctCO2,r1i1p1f1,mlotst,manual_data/IPSL-CM6A-LR_1pctCO2_r1i1p1f1_mlotst.npy
85,CanESM5,1pctCO2,r3i1p1f1,mlotst,manual_data/CanESM5_1pctCO2_r3i1p1f1_mlotst.npy
86,CanESM5,1pctCO2,r2i1p2f1,mlotst,manual_data/CanESM5_1pctCO2_r2i1p2f1_mlotst.npy
87,IPSL-CM6A-LR,abrupt-4xCO2,r11i1p1f1,mlotst,manual_data/IPSL-CM6A-LR_abrupt-4xCO2_r11i1p1f1_mlotst.npy
88,CNRM-CM6-1,abrupt-4xCO2,r4i1p1f2,mlotst,manual_data/CNRM-CM6-1_abrupt-4xCO2_r4i1p1f2_mlotst.npy
89,HadGEM3-GC31-LL,1pctCO2,r3i1p1f3,rtmt,manual_data/HadGEM3-GC31-LL_1pctCO2_r3i1p1f3_rtmt.npy
90,HadGEM3-GC31-LL,abrupt-4xCO2,r1i1p1f3,rtmt,manual_data/HadGEM3-GC31-LL_abrupt-4xCO2_r1i1p1f3_rtmt.npy
91,CanESM5,1pctCO2,r3i1p1f1,rtmt,manual_data/CanESM5_1pctCO2_r3i1p1f1_rtmt.npy
92,ACCESS-CM2,1pctCO2,r1i1p1f1,rtmt,manual_data/ACCESS-CM2_1pctCO2_r1i1p1f1_rtmt.npy
93,UKESM1-0-LL,1pctCO2,r1i1p1f2,rtmt,manual_data/UKESM1-0-LL_1pctCO2_r1i1p1f2_rtmt.npy
94,CanESM5,abrupt-4xCO2,r1i1p2f1,rtmt,manual_data/CanESM5_abrupt-4xCO2_r1i1p2f1_rtmt.npy
95,CanESM5,1pctCO2,r2i1p1f1,mlotst,manual_data/CanESM5_1pctCO2_r2i1p1f1_mlotst.npy
96,FGOALS-g3,1pctCO2,r3i1p1f1,rtmt,manual_data/FGOALS-g3_1pctCO2_r3i1p1f1_rtmt.npy
97,CNRM-CM6-1,abrupt-4xCO2,r3i1p1f2,mlotst,manual_data/CNRM-CM6-1_abrupt-4xCO2_r3i1p1f2_mlotst.npy
98,MIROC-ES2L,abrupt-4xCO2,r1i1p1f2,rtmt,manual_data/MIROC-ES2L_abrupt-4xCO2_r1i1p1f2_rtmt.npy
99,FGOALS-g3,1pctCO2,r2i1p1f1,rtmt,manual_data/FGOALS-g3_1pctCO2_r2i1p1f1_rtmt.npy
100,BCC-CSM2-MR,abrupt-4xCO2,r1i1p1f1,mlotst,manual_data/BCC-CSM2-MR_abrupt-4xCO2_r1i1p1f1_mlotst.npy
101,MPI-ESM1-2-LR,1pctCO2,r1i1p1f1,mlotst,manual_data/MPI-ESM1-2-LR_1pctCO2_r1i1p1f1_mlotst.npy
102,UKESM1-0-LL,1pctCO2,r1i1p1f2,mlotst,manual_data/UKESM1-0-LL_1pctCO2_r1i1p1f2_mlotst.npy
103,HadGEM3-GC31-LL,1pctCO2,r2i1p1f3,rtmt,manual_data/HadGEM3-GC31-LL_1pctCO2_r2i1p1f3_rtmt.npy
104,HadGEM3-GC31-MM,abrupt-4xCO2,r1i1p1f3,rtmt,manual_data/HadGEM3-GC31-MM_abrupt-4xCO2_r1i1p1f3_rtmt.npy
105,IPSL-CM6A-LR,abrupt-4xCO2,r6i1p1f1,mlotst,manual_data/IPSL-CM6A-LR_abrupt-4xCO2_r6i1p1f1_mlotst.npy
106,EC-Earth3-Veg,abrupt-4xCO2,r1i1p1f1,mlotst,manual_data/EC-Earth3-Veg_abrupt-4xCO2_r1i1p1f1_mlotst.npy
107,MIROC6,abrupt-4xCO2,r1i1p1f1,rtmt,manual_data/MIROC6_abrupt-4xCO2_r1i1p1f1_rtmt.npy
108,EC-Earth3,abrupt-4xCO2,r8i1p1f1,rtmt,manual_data/EC-Earth3_abrupt-4xCO2_r8i1p1f1_rtmt.npy
109,CanESM5,1pctCO2,r1i1p2f1,mlotst,manual_data/CanESM5_1pctCO2_r1i1p2f1_mlotst.npy
110,E3SM-1-0,1pctCO2,r1i1p1f1,rtmt,manual_data/E3SM-1-0_1pctCO2_r1i1p1f1_rtmt.npy
111,MRI-ESM2-0,1pctCO2,r1i1p1f1,mlotst,manual_data/MRI-ESM2-0_1pctCO2_r1i1p1f1_mlotst.npy
112,CESM2-FV2,1pctCO2,r1i1p1f1,mlotst,manual_data/CESM2-FV2_1pctCO2_r1i1p1f1_mlotst.npy
113,INM-CM5-0,1pctCO2,r1i1p1f1,rtmt,manual_data/INM-CM5-0_1pctCO2_r1i1p1f1_rtmt.npy
114,CAS-ESM2-0,1pctCO2,r1i1p1f1,mlotst,manual_data/CAS-ESM2-0_1pctCO2_r1i1p1f1_mlotst.npy
115,HadGEM3-GC31-MM,1pctCO2,r1i1p1f3,rtmt,manual_data/HadGEM3-GC31-MM_1pctCO2_r1i1p1f3_rtmt.npy
116,NorESM2-MM,1pctCO2,r1i1p1f1,mlotst,manual_data/NorESM2-MM_1pctCO2_r1i1p1f1_mlotst.npy
117,MRI-ESM2-0,1pctCO2,r1i2p1f1,mlotst,manual_data/MRI-ESM2-0_1pctCO2_r1i2p1f1_mlotst.npy
118,GISS-E2-1-G,1pctCO2,r102i1p1f1,rtmt,manual_data/GISS-E2-1-G_1pctCO2_r102i1p1f1_rtmt.npy
119,CNRM-ESM2-1,1pctCO2,r2i1p1f2,mlotst,manual_data/CNRM-ESM2-1_1pctCO2_r2i1p1f2_mlotst.npy
120,FGOALS-f3-L,1pctCO2,r2i1p1f1,mlotst,manual_data/FGOALS-f3-L_1pctCO2_r2i1p1f1_mlotst.npy
121,BCC-ESM1,abrupt-4xCO2,r1i1p1f1,mlotst,manual_data/BCC-ESM1_abrupt-4xCO2_r1i1p1f1_mlotst.npy
122,IPSL-CM6A-LR,abrupt-4xCO2,r2i1p1f1,mlotst,manual_data/IPSL-CM6A-LR_abrupt-4xCO2_r2i1p1f1_mlotst.npy
123,HadGEM3-GC31-LL,1pctCO2,r4i1p1f3,mlotst,manual_data/HadGEM3-GC31-LL_1pctCO2_r4i1p1f3_mlotst.npy
124,EC-Earth3,1pctCO2,r3i1p1f1,rtmt,manual_data/EC-Earth3_1pctCO2_r3i1p1f1_rtmt.npy
125,INM-CM5-0,abrupt-4xCO2,r1i1p1f1,rtmt,manual_data/INM-CM5-0_abrupt-4xCO2_r1i1p1f1_rtmt.npy
126,MCM-UA-1-0,1pctCO2,r1i1p1f1,rtmt,manual_data/MCM-UA-1-0_1pctCO2_r1i1p1f1_rtmt.npy
127,FGOALS-g3,1pctCO2,r1i1p1f1,rtmt,manual_data/FGOALS-g3_1pctCO2_r1i1p1f1_rtmt.npy
128,NorCPM1,1pctCO2,r1i1p1f1,rtmt,manual_data/NorCPM1_1pctCO2_r1i1p1f1_rtmt.npy
129,BCC-ESM1,abrupt-4xCO2,r1i1p1f1,rtmt,manual_data/BCC-ESM1_abrupt-4xCO2_r1i1p1f1_rtmt.npy
130,BCC-ESM1,1pctCO2,r1i1p1f1,rtmt,manual_data/BCC-ESM1_1pctCO2_r1i1p1f1_rtmt.npy
